text,label
urine RBC urine pH urine color laboratory report,Urine Routine
LDL cholesterol non HDL cholesterol total cholesterol HDL cholesterol VLDL parameters were tested,Lipid Profile
blood test including vitamin D 25-OH vitamin D 25 hydroxy vitamin D,Vitamin D
T3 free T4 T4 TSH thyroid stimulating hormone profile,Thyroid
laboratory test with 25 hydroxy vitamin D vitamin D 25-OH D total vitamin D 25-OH vitamin D vitamin D3,Vitamin D
medical report showing vitamin D total vitamin D 25-OH vitamin D,Vitamin D
laboratory test with TSH T3 thyroid stimulating hormone T4 free T4,Thyroid
blood test including cobalamin level serum B12 cobalamin,Vitamin B12
medical report showing MCH hemoglobin MCHC,CBC
total vitamin D vitamin D 25 hydroxy vitamin D test,Vitamin D
hematocrit neutrophils MCHC RBC report,CBC
25 hydroxy vitamin D total vitamin D 25-OH vitamin D 25-OH D vitamin D laboratory report,Vitamin D
glucose level HbA1c postprandial glucose fasting blood sugar fasting glucose laboratory report,Diabetes HbA1c
blood test including alkaline phosphatase ALT SGOT globulin albumin total protein,Liver Function
medical report showing triglycerides VLDL total cholesterol,Lipid Profile
patient report containing non HDL cholesterol HDL cholesterol VLDL total cholesterol triglycerides LDL cholesterol,Lipid Profile
results for renal function sodium eGFR,Kidney Function
patient report containing neutrophils MCH MCHC platelet count,CBC
vitamin B12 B12 vitamin B12 level cobalamin cobalamin level report,Vitamin B12
urine glucose urine color urine appearance urine bilirubin urine protein urine RBC parameters were tested,Urine Routine
blood test including renal function creatinine uric acid potassium,Kidney Function
blood test including vitamin B12 cobalamin level vitamin B12 level,Vitamin B12
patient laboratory results for urine protein urine WBC urine ketones urine RBC,Urine Routine
laboratory test with PPBS fasting glucose hemoglobin A1c,Diabetes HbA1c
patient report containing urine bilirubin urine protein urine glucose,Urine Routine
MCV lymphocytes MCH RBC platelet count MCHC test,CBC
medical report showing PPBS postprandial glucose HbA1c FBS hemoglobin A1c,Diabetes HbA1c
T3 TSH free T3 thyroid stimulating hormone parameters were tested,Thyroid
blood test including renal function uric acid BUN eGFR urea,Kidney Function
WBC platelet count neutrophils hemoglobin RBC MCH examination,CBC
medical report showing sodium creatinine BUN uric acid,Kidney Function
free T4 TSH thyroid stimulating hormone T4 parameters were tested,Thyroid
AST globulin bilirubin albumin examination,Liver Function
blood test including free T3 T3 TSH T4 free T4,Thyroid
results for HbA1c PPBS glucose level FBS,Diabetes HbA1c
results for SGPT AST bilirubin total protein,Liver Function
B12 vitamin B12 level cobalamin vitamin B12 cobalamin level serum B12 laboratory report,Vitamin B12
25 hydroxy vitamin D vitamin D 25-OH D total vitamin D 25-OH vitamin D test,Vitamin D
fasting glucose FBS PPBS glucose level fasting blood sugar HbA1c parameters were tested,Diabetes HbA1c
HDL cholesterol non HDL cholesterol VLDL LDL cholesterol total cholesterol triglycerides report,Lipid Profile
laboratory test with WBC hemoglobin hematocrit platelet count MCH MCV,CBC
patient report containing urine appearance urine WBC urine pH urine ketones urine RBC,Urine Routine
medical report showing LDL cholesterol HDL cholesterol VLDL triglycerides non HDL cholesterol,Lipid Profile
blood test including alkaline phosphatase SGPT bilirubin ALT globulin total protein,Liver Function
patient report containing UIBC transferrin saturation serum iron ferritin,Iron Profile
free T3 T4 T3 thyroid stimulating hormone TSH report,Thyroid
bilirubin total protein AST SGPT globulin parameters were tested,Liver Function
free T3 T4 TSH thyroid stimulating hormone T3 profile,Thyroid
WBC MCH MCV parameters were tested,CBC
laboratory test with B12 serum B12 vitamin B12 level cobalamin level cobalamin,Vitamin B12
patient laboratory results for serum iron transferrin saturation TIBC ferritin transferrin iron saturation,Iron Profile
patient report containing VLDL triglycerides LDL cholesterol,Lipid Profile
blood test including UIBC iron saturation ferritin TIBC serum iron,Iron Profile
VLDL non HDL cholesterol HDL cholesterol laboratory report,Lipid Profile
free T3 free T4 T3 TSH T4 examination,Thyroid
cobalamin level vitamin B12 serum B12 test,Vitamin B12
25 hydroxy vitamin D 25-OH D vitamin D3 vitamin D total vitamin D 25-OH vitamin D parameters were tested,Vitamin D
vitamin B12 B12 cobalamin cobalamin level serum B12 test,Vitamin B12
blood test including HbA1c FBS postprandial glucose fasting glucose blood glucose,Diabetes HbA1c
blood test including non HDL cholesterol VLDL triglycerides total cholesterol,Lipid Profile
transferrin saturation iron saturation UIBC ferritin transferrin laboratory report,Iron Profile
uric acid eGFR urea sodium potassium examination,Kidney Function
medical report showing cobalamin level vitamin B12 level B12,Vitamin B12
postprandial glucose FBS blood glucose HbA1c fasting blood sugar PPBS laboratory report,Diabetes HbA1c
patient laboratory results for urine RBC urine color urine glucose urine pH,Urine Routine
urine RBC urine WBC urine color urine protein urine ketones specific gravity test,Urine Routine
thyroid stimulating hormone TSH free T4 free T3 T4 T3 laboratory report,Thyroid
iron saturation UIBC transferrin saturation serum iron TIBC laboratory report,Iron Profile
medical report showing MCV platelet count WBC RBC neutrophils,CBC
TIBC ferritin transferrin saturation transferrin UIBC serum iron examination,Iron Profile
serum iron transferrin saturation ferritin TIBC UIBC parameters were tested,Iron Profile
laboratory test with triglycerides HDL cholesterol LDL cholesterol total cholesterol,Lipid Profile
results for total vitamin D vitamin D 25-OH D,Vitamin D
blood test including fasting blood sugar PPBS hemoglobin A1c postprandial glucose glucose level,Diabetes HbA1c
blood test including creatinine urea uric acid,Kidney Function
laboratory test with triglycerides VLDL non HDL cholesterol total cholesterol LDL cholesterol,Lipid Profile
B12 cobalamin level serum B12 vitamin B12 cobalamin test,Vitamin B12
results for uric acid urea sodium potassium,Kidney Function
patient laboratory results for LDL cholesterol triglycerides VLDL HDL cholesterol non HDL cholesterol total cholesterol,Lipid Profile
patient laboratory results for urine glucose urine WBC urine pH urine color,Urine Routine
patient report containing hemoglobin WBC hematocrit neutrophils MCHC,CBC
TSH thyroid stimulating hormone free T4 free T3 T4 laboratory report,Thyroid
transferrin UIBC iron saturation TIBC laboratory report,Iron Profile
UIBC TIBC transferrin ferritin transferrin saturation iron saturation parameters were tested,Iron Profile
cobalamin vitamin B12 serum B12 vitamin B12 level parameters were tested,Vitamin B12
iron saturation transferrin saturation UIBC serum iron ferritin report,Iron Profile
patient laboratory results for cobalamin vitamin B12 cobalamin level serum B12 vitamin B12 level,Vitamin B12
SGOT alkaline phosphatase total protein laboratory report,Liver Function
total cholesterol triglycerides HDL cholesterol LDL cholesterol VLDL non HDL cholesterol test,Lipid Profile
cobalamin level vitamin B12 level cobalamin B12 vitamin B12 parameters were tested,Vitamin B12
patient report containing iron saturation UIBC transferrin saturation,Iron Profile
patient laboratory results for vitamin B12 vitamin B12 level B12 cobalamin level cobalamin serum B12,Vitamin B12
triglycerides LDL cholesterol non HDL cholesterol parameters were tested,Lipid Profile
VLDL total cholesterol non HDL cholesterol HDL cholesterol profile,Lipid Profile
blood test including urine bilirubin urine appearance urine pH,Urine Routine
urine bilirubin urine appearance urine RBC urine WBC specific gravity examination,Urine Routine
renal function potassium eGFR urea creatinine sodium parameters were tested,Kidney Function
total vitamin D vitamin D3 25-OH D 25 hydroxy vitamin D examination,Vitamin D
transferrin saturation ferritin TIBC iron saturation transferrin serum iron report,Iron Profile
laboratory test with urine color urine glucose urine bilirubin urine protein urine appearance,Urine Routine
TSH free T3 T3 T4 free T4 parameters were tested,Thyroid
blood test including thyroid stimulating hormone free T3 free T4 T3 T4,Thyroid
total protein bilirubin alkaline phosphatase SGPT globulin SGOT examination,Liver Function
patient report containing 25 hydroxy vitamin D vitamin D3 25-OH D,Vitamin D
patient report containing LDL cholesterol VLDL total cholesterol,Lipid Profile
thyroid stimulating hormone free T4 TSH T4 T3 free T3 parameters were tested,Thyroid
patient laboratory results for renal function potassium creatinine eGFR sodium,Kidney Function
patient laboratory results for LDL cholesterol triglycerides HDL cholesterol VLDL,Lipid Profile
laboratory test with uric acid sodium creatinine eGFR potassium,Kidney Function
medical report showing ALT AST bilirubin alkaline phosphatase SGPT total protein,Liver Function
laboratory test with urea BUN renal function,Kidney Function
blood test including TIBC transferrin transferrin saturation,Iron Profile
PPBS fasting glucose fasting blood sugar parameters were tested,Diabetes HbA1c
medical report showing serum B12 vitamin B12 cobalamin cobalamin level vitamin B12 level B12,Vitamin B12
results for sodium potassium creatinine uric acid eGFR renal function,Kidney Function
blood test including triglycerides total cholesterol non HDL cholesterol HDL cholesterol,Lipid Profile
patient report containing fasting blood sugar blood glucose hemoglobin A1c fasting glucose glucose level,Diabetes HbA1c
TSH T3 thyroid stimulating hormone free T4 free T3 T4 profile,Thyroid
results for HDL cholesterol total cholesterol LDL cholesterol non HDL cholesterol VLDL,Lipid Profile
vitamin B12 cobalamin B12 profile,Vitamin B12
patient laboratory results for urine WBC urine bilirubin urine glucose urine protein urine pH,Urine Routine
blood test including blood glucose fasting blood sugar postprandial glucose FBS fasting glucose HbA1c,Diabetes HbA1c
medical report showing FBS blood glucose fasting blood sugar hemoglobin A1c,Diabetes HbA1c
medical report showing SGOT albumin total protein ALT,Liver Function
total cholesterol LDL cholesterol triglycerides HDL cholesterol laboratory report,Lipid Profile
blood test including transferrin saturation UIBC TIBC iron saturation ferritin serum iron,Iron Profile
medical report showing SGPT AST SGOT,Liver Function
free T4 free T3 T4 test,Thyroid
fasting glucose FBS fasting blood sugar postprandial glucose blood glucose glucose level examination,Diabetes HbA1c
results for VLDL total cholesterol non HDL cholesterol,Lipid Profile
urine glucose urine appearance urine RBC examination,Urine Routine
laboratory test with urine appearance urine WBC urine ketones,Urine Routine
eGFR urea potassium sodium BUN examination,Kidney Function
results for AST bilirubin ALT globulin,Liver Function
free T4 free T3 thyroid stimulating hormone TSH laboratory report,Thyroid
vitamin D3 25 hydroxy vitamin D vitamin D profile,Vitamin D
blood test including urine color urine RBC urine appearance specific gravity,Urine Routine
patient laboratory results for urine protein urine pH urine RBC specific gravity,Urine Routine
vitamin B12 level serum B12 vitamin B12 report,Vitamin B12
iron saturation ferritin UIBC parameters were tested,Iron Profile
patient report containing total vitamin D 25-OH vitamin D vitamin D3,Vitamin D
patient laboratory results for total cholesterol non HDL cholesterol LDL cholesterol,Lipid Profile
B12 serum B12 vitamin B12 level laboratory report,Vitamin B12
thyroid stimulating hormone TSH T4 free T3 T3 free T4 parameters were tested,Thyroid
serum iron transferrin TIBC iron saturation test,Iron Profile
results for total protein SGOT ALT albumin bilirubin AST,Liver Function
results for renal function eGFR creatinine potassium,Kidney Function
patient laboratory results for 25-OH vitamin D vitamin D3 25 hydroxy vitamin D 25-OH D total vitamin D vitamin D,Vitamin D
laboratory test with HDL cholesterol total cholesterol VLDL LDL cholesterol triglycerides,Lipid Profile
WBC neutrophils RBC lymphocytes MCH parameters were tested,CBC
blood test including vitamin B12 level vitamin B12 cobalamin cobalamin level,Vitamin B12
laboratory test with free T4 free T3 thyroid stimulating hormone TSH,Thyroid
BUN renal function creatinine eGFR laboratory report,Kidney Function
laboratory test with HbA1c postprandial glucose fasting glucose glucose level PPBS,Diabetes HbA1c
patient laboratory results for VLDL triglycerides total cholesterol HDL cholesterol,Lipid Profile
RBC WBC hemoglobin neutrophils lymphocytes examination,CBC
medical report showing ALT alkaline phosphatase albumin,Liver Function
laboratory test with cobalamin vitamin B12 vitamin B12 level serum B12 cobalamin level,Vitamin B12
blood test including AST total protein SGOT,Liver Function
blood test including serum B12 vitamin B12 level vitamin B12 cobalamin level B12 cobalamin,Vitamin B12
urea creatinine renal function eGFR sodium parameters were tested,Kidney Function
medical report showing T3 TSH free T3,Thyroid
patient laboratory results for MCV MCHC RBC platelet count WBC hematocrit,CBC
results for blood glucose glucose level PPBS postprandial glucose fasting glucose fasting blood sugar,Diabetes HbA1c
laboratory test with specific gravity urine protein urine WBC,Urine Routine
transferrin saturation iron saturation serum iron ferritin test,Iron Profile
cobalamin level serum B12 cobalamin vitamin B12 level examination,Vitamin B12
25-OH vitamin D vitamin D 25-OH D total vitamin D 25 hydroxy vitamin D vitamin D3 report,Vitamin D
laboratory test with LDL cholesterol VLDL non HDL cholesterol,Lipid Profile
results for serum B12 B12 vitamin B12 vitamin B12 level cobalamin,Vitamin B12
FBS hemoglobin A1c glucose level postprandial glucose fasting glucose parameters were tested,Diabetes HbA1c
medical report showing sodium renal function potassium uric acid urea,Kidney Function
patient report containing urine pH urine appearance urine RBC,Urine Routine
patient report containing urine glucose urine color urine ketones urine pH urine appearance urine RBC,Urine Routine
SGOT total protein alkaline phosphatase SGPT laboratory report,Liver Function
blood test including 25-OH vitamin D total vitamin D 25 hydroxy vitamin D vitamin D3 vitamin D 25-OH D,Vitamin D
patient laboratory results for potassium uric acid eGFR urea BUN renal function,Kidney Function
results for vitamin D total vitamin D 25-OH D,Vitamin D
medical report showing T4 TSH thyroid stimulating hormone free T4,Thyroid
medical report showing vitamin B12 level serum B12 B12 cobalamin level,Vitamin B12
results for 25-OH vitamin D 25 hydroxy vitamin D total vitamin D vitamin D3 vitamin D 25-OH D,Vitamin D
uric acid urea BUN test,Kidney Function
urine protein specific gravity urine pH urine WBC urine glucose urine color laboratory report,Urine Routine
medical report showing hemoglobin A1c fasting blood sugar glucose level HbA1c,Diabetes HbA1c
laboratory test with free T3 T4 free T4,Thyroid
urea BUN uric acid test,Kidney Function
medical report showing urine protein urine WBC urine RBC,Urine Routine
medical report showing cobalamin level vitamin B12 B12,Vitamin B12
PPBS fasting glucose fasting blood sugar HbA1c glucose level blood glucose profile,Diabetes HbA1c
25 hydroxy vitamin D vitamin D 25-OH vitamin D 25-OH D examination,Vitamin D
results for creatinine urea BUN,Kidney Function
blood test including HDL cholesterol VLDL triglycerides total cholesterol LDL cholesterol,Lipid Profile
blood test including 25 hydroxy vitamin D 25-OH vitamin D vitamin D3,Vitamin D
blood test including HDL cholesterol triglycerides VLDL,Lipid Profile
hematocrit MCHC MCV MCH test,CBC
SGPT alkaline phosphatase globulin test,Liver Function
fasting blood sugar blood glucose hemoglobin A1c PPBS parameters were tested,Diabetes HbA1c
blood test including thyroid stimulating hormone TSH free T3 free T4 T3,Thyroid
laboratory test with BUN urea uric acid renal function creatinine,Kidney Function
transferrin saturation ferritin UIBC profile,Iron Profile
medical report showing urine color urine bilirubin urine pH,Urine Routine
ALT SGOT total protein laboratory report,Liver Function
medical report showing lymphocytes MCHC hematocrit,CBC
medical report showing urea BUN sodium creatinine potassium uric acid,Kidney Function
medical report showing albumin SGPT alkaline phosphatase,Liver Function
results for non HDL cholesterol VLDL LDL cholesterol triglycerides HDL cholesterol total cholesterol,Lipid Profile
serum iron transferrin saturation transferrin ferritin UIBC iron saturation examination,Iron Profile
results for 25-OH D total vitamin D vitamin D,Vitamin D
medical report showing FBS fasting glucose fasting blood sugar HbA1c,Diabetes HbA1c
lymphocytes MCV MCHC report,CBC
patient report containing B12 cobalamin level vitamin B12 cobalamin serum B12,Vitamin B12
platelet count RBC neutrophils lymphocytes report,CBC
non HDL cholesterol LDL cholesterol HDL cholesterol total cholesterol VLDL parameters were tested,Lipid Profile
blood test including MCHC platelet count MCV hemoglobin lymphocytes RBC,CBC
potassium BUN uric acid parameters were tested,Kidney Function
medical report showing urine appearance urine ketones urine bilirubin urine pH,Urine Routine
laboratory test with fasting blood sugar HbA1c hemoglobin A1c blood glucose glucose level,Diabetes HbA1c
total cholesterol non HDL cholesterol triglycerides HDL cholesterol laboratory report,Lipid Profile
patient report containing AST albumin SGOT globulin ALT SGPT,Liver Function
patient report containing 25-OH vitamin D 25 hydroxy vitamin D total vitamin D vitamin D3,Vitamin D
TSH free T4 free T3 T4 thyroid stimulating hormone profile,Thyroid
RBC MCH WBC parameters were tested,CBC
AST SGPT SGOT ALT bilirubin profile,Liver Function
blood test including postprandial glucose HbA1c fasting blood sugar PPBS blood glucose FBS,Diabetes HbA1c
patient report containing urine appearance urine color urine ketones urine protein,Urine Routine
urine RBC urine appearance urine bilirubin urine pH urine ketones report,Urine Routine
patient laboratory results for SGOT SGPT AST,Liver Function
patient laboratory results for hemoglobin neutrophils lymphocytes RBC WBC MCHC,CBC
B12 cobalamin level serum B12 cobalamin laboratory report,Vitamin B12
medical report showing LDL cholesterol HDL cholesterol triglycerides non HDL cholesterol,Lipid Profile
specific gravity urine RBC urine color urine glucose urine ketones laboratory report,Urine Routine
results for non HDL cholesterol total cholesterol LDL cholesterol,Lipid Profile
cobalamin level cobalamin B12 vitamin B12 serum B12 vitamin B12 level laboratory report,Vitamin B12
UIBC serum iron transferrin saturation profile,Iron Profile
results for cobalamin level vitamin B12 level vitamin B12,Vitamin B12
VLDL total cholesterol HDL cholesterol triglycerides laboratory report,Lipid Profile
results for hemoglobin A1c fasting blood sugar FBS PPBS,Diabetes HbA1c
thyroid stimulating hormone free T4 T3 T4 TSH free T3 test,Thyroid
patient laboratory results for 25-OH D vitamin D3 25-OH vitamin D total vitamin D vitamin D 25 hydroxy vitamin D,Vitamin D
ALT total protein albumin SGOT AST examination,Liver Function
blood test including renal function urea potassium creatinine,Kidney Function
TIBC transferrin serum iron iron saturation UIBC examination,Iron Profile
alkaline phosphatase SGPT SGOT laboratory report,Liver Function
free T4 T4 T3 laboratory report,Thyroid
medical report showing vitamin D 25-OH vitamin D vitamin D3 25-OH D total vitamin D,Vitamin D
results for MCHC neutrophils platelet count MCV lymphocytes MCH,CBC
T4 free T4 thyroid stimulating hormone T3 TSH test,Thyroid
blood test including urine appearance specific gravity urine glucose,Urine Routine
free T4 thyroid stimulating hormone T4 T3 TSH profile,Thyroid
patient laboratory results for vitamin D 25-OH vitamin D 25 hydroxy vitamin D vitamin D3 total vitamin D,Vitamin D
glucose level blood glucose FBS report,Diabetes HbA1c
HDL cholesterol VLDL LDL cholesterol triglycerides report,Lipid Profile
blood glucose fasting glucose HbA1c report,Diabetes HbA1c
patient report containing bilirubin albumin ALT total protein globulin,Liver Function
ferritin transferrin saturation transferrin iron saturation TIBC parameters were tested,Iron Profile
results for blood glucose fasting blood sugar HbA1c,Diabetes HbA1c
alkaline phosphatase bilirubin globulin ALT total protein SGPT report,Liver Function
laboratory test with BUN sodium renal function creatinine urea,Kidney Function
blood test including urine color urine bilirubin specific gravity,Urine Routine
blood test including total vitamin D 25-OH D 25 hydroxy vitamin D vitamin D vitamin D3 25-OH vitamin D,Vitamin D
blood test including MCHC lymphocytes neutrophils MCV WBC,CBC
medical report showing urine appearance urine glucose urine pH urine color,Urine Routine
patient laboratory results for neutrophils platelet count hematocrit,CBC
laboratory test with iron saturation UIBC transferrin saturation TIBC,Iron Profile
hemoglobin A1c FBS postprandial glucose fasting blood sugar test,Diabetes HbA1c
blood test including UIBC transferrin transferrin saturation,Iron Profile
results for total cholesterol triglycerides non HDL cholesterol VLDL LDL cholesterol,Lipid Profile
MCHC RBC hematocrit report,CBC
triglycerides VLDL LDL cholesterol HDL cholesterol non HDL cholesterol test,Lipid Profile
HbA1c fasting blood sugar FBS glucose level test,Diabetes HbA1c
total vitamin D vitamin D 25-OH D vitamin D3 25 hydroxy vitamin D report,Vitamin D
urine ketones urine bilirubin urine pH urine color examination,Urine Routine
blood test including SGOT AST SGPT alkaline phosphatase albumin ALT,Liver Function
serum B12 cobalamin level cobalamin parameters were tested,Vitamin B12
specific gravity urine protein urine pH test,Urine Routine
urine RBC urine ketones urine protein urine WBC examination,Urine Routine
sodium uric acid renal function examination,Kidney Function
patient report containing SGPT alkaline phosphatase globulin,Liver Function
blood test including serum iron UIBC transferrin saturation iron saturation ferritin transferrin,Iron Profile
triglycerides non HDL cholesterol VLDL HDL cholesterol laboratory report,Lipid Profile
patient report containing urine color urine ketones specific gravity urine bilirubin urine glucose,Urine Routine
blood test including transferrin saturation ferritin serum iron UIBC,Iron Profile
sodium BUN urea creatinine profile,Kidney Function
blood test including 25-OH D vitamin D3 25-OH vitamin D total vitamin D 25 hydroxy vitamin D,Vitamin D
medical report showing total vitamin D vitamin D 25-OH D 25 hydroxy vitamin D vitamin D3,Vitamin D
blood test including neutrophils hemoglobin WBC lymphocytes MCV MCHC,CBC
laboratory test with VLDL triglycerides non HDL cholesterol LDL cholesterol total cholesterol HDL cholesterol,Lipid Profile
patient report containing cobalamin vitamin B12 vitamin B12 level serum B12 B12,Vitamin B12
laboratory test with MCV MCH WBC lymphocytes,CBC
platelet count WBC MCH hemoglobin MCV parameters were tested,CBC
medical report showing 25-OH vitamin D vitamin D total vitamin D,Vitamin D
blood test including transferrin serum iron transferrin saturation TIBC,Iron Profile
laboratory test with serum iron transferrin UIBC ferritin transferrin saturation iron saturation,Iron Profile
patient laboratory results for serum B12 cobalamin vitamin B12 cobalamin level vitamin B12 level B12,Vitamin B12
AST SGOT globulin SGPT albumin ALT test,Liver Function
medical report showing total cholesterol non HDL cholesterol triglycerides LDL cholesterol HDL cholesterol VLDL,Lipid Profile
patient laboratory results for RBC WBC neutrophils,CBC
laboratory test with serum B12 cobalamin vitamin B12 B12,Vitamin B12
urine ketones urine pH urine protein urine glucose urine bilirubin urine RBC profile,Urine Routine
patient laboratory results for SGOT total protein alkaline phosphatase bilirubin globulin,Liver Function
patient report containing SGOT total protein AST alkaline phosphatase ALT,Liver Function
lymphocytes hematocrit MCH neutrophils report,CBC
urine protein urine color urine glucose report,Urine Routine
iron saturation TIBC transferrin saturation serum iron laboratory report,Iron Profile
creatinine BUN urea eGFR renal function potassium test,Kidney Function
urine RBC urine ketones urine protein urine appearance specific gravity urine glucose parameters were tested,Urine Routine
fasting blood sugar blood glucose postprandial glucose laboratory report,Diabetes HbA1c
blood test including vitamin D3 25-OH vitamin D 25 hydroxy vitamin D total vitamin D,Vitamin D
patient laboratory results for TSH T3 free T4 thyroid stimulating hormone,Thyroid
lymphocytes platelet count hemoglobin MCHC parameters were tested,CBC
glucose level hemoglobin A1c postprandial glucose fasting glucose parameters were tested,Diabetes HbA1c
laboratory test with vitamin B12 B12 vitamin B12 level,Vitamin B12
vitamin D3 vitamin D total vitamin D 25-OH vitamin D 25 hydroxy vitamin D 25-OH D parameters were tested,Vitamin D
TSH free T3 free T4 laboratory report,Thyroid
fasting glucose hemoglobin A1c HbA1c glucose level fasting blood sugar laboratory report,Diabetes HbA1c
SGOT bilirubin AST ALT albumin parameters were tested,Liver Function
laboratory test with ferritin iron saturation transferrin saturation serum iron,Iron Profile
blood test including transferrin TIBC transferrin saturation,Iron Profile
medical report showing urine color urine RBC urine ketones,Urine Routine
transferrin TIBC transferrin saturation ferritin parameters were tested,Iron Profile
hemoglobin MCHC RBC report,CBC
vitamin B12 cobalamin level serum B12 vitamin B12 level laboratory report,Vitamin B12
patient report containing MCHC hematocrit hemoglobin MCH platelet count,CBC
patient laboratory results for non HDL cholesterol VLDL LDL cholesterol total cholesterol,Lipid Profile
TSH free T4 thyroid stimulating hormone T4 T3 laboratory report,Thyroid
laboratory test with globulin SGPT ALT,Liver Function
results for urine protein urine pH urine WBC specific gravity urine color,Urine Routine
patient report containing creatinine urea BUN uric acid,Kidney Function
serum B12 vitamin B12 cobalamin level vitamin B12 level cobalamin parameters were tested,Vitamin B12
patient laboratory results for urea creatinine eGFR,Kidney Function
medical report showing total protein SGOT ALT SGPT globulin bilirubin,Liver Function
SGPT albumin AST bilirubin globulin ALT laboratory report,Liver Function
patient laboratory results for TIBC iron saturation transferrin saturation transferrin serum iron ferritin,Iron Profile
albumin globulin SGOT bilirubin profile,Liver Function
patient laboratory results for total cholesterol HDL cholesterol non HDL cholesterol LDL cholesterol triglycerides VLDL,Lipid Profile
cobalamin cobalamin level vitamin B12 parameters were tested,Vitamin B12
LDL cholesterol triglycerides HDL cholesterol laboratory report,Lipid Profile
results for WBC lymphocytes platelet count hematocrit neutrophils MCHC,CBC
patient laboratory results for hemoglobin A1c FBS postprandial glucose,Diabetes HbA1c
patient laboratory results for serum B12 cobalamin B12 vitamin B12,Vitamin B12
UIBC transferrin saturation transferrin laboratory report,Iron Profile
blood test including HDL cholesterol triglycerides total cholesterol VLDL,Lipid Profile
results for urine color urine appearance urine bilirubin urine ketones,Urine Routine
free T4 TSH T3 test,Thyroid
alkaline phosphatase albumin globulin profile,Liver Function
blood test including serum B12 B12 cobalamin vitamin B12 vitamin B12 level cobalamin level,Vitamin B12
blood test including HDL cholesterol VLDL triglycerides non HDL cholesterol,Lipid Profile
urine appearance urine ketones urine WBC test,Urine Routine
results for ferritin UIBC iron saturation serum iron,Iron Profile
results for thyroid stimulating hormone T4 free T4 T3,Thyroid
results for WBC hemoglobin hematocrit MCH,CBC
medical report showing SGPT AST globulin albumin,Liver Function
medical report showing TIBC transferrin UIBC serum iron transferrin saturation iron saturation,Iron Profile
cobalamin serum B12 vitamin B12 B12 parameters were tested,Vitamin B12
patient laboratory results for hemoglobin lymphocytes hematocrit MCV WBC,CBC
medical report showing globulin ALT AST SGOT,Liver Function
B12 vitamin B12 level serum B12 vitamin B12 laboratory report,Vitamin B12
patient laboratory results for vitamin B12 cobalamin B12 vitamin B12 level serum B12 cobalamin level,Vitamin B12
25 hydroxy vitamin D 25-OH D vitamin D test,Vitamin D
laboratory test with postprandial glucose FBS blood glucose glucose level,Diabetes HbA1c
patient report containing AST total protein bilirubin,Liver Function
blood test including LDL cholesterol triglycerides HDL cholesterol VLDL total cholesterol non HDL cholesterol,Lipid Profile
medical report showing eGFR sodium urea BUN,Kidney Function
laboratory test with RBC WBC hemoglobin neutrophils MCHC,CBC
potassium eGFR renal function test,Kidney Function
SGOT globulin alkaline phosphatase ALT total protein profile,Liver Function
patient report containing cobalamin vitamin B12 serum B12 cobalamin level B12,Vitamin B12
blood test including VLDL LDL cholesterol HDL cholesterol total cholesterol triglycerides,Lipid Profile
patient report containing PPBS postprandial glucose glucose level HbA1c hemoglobin A1c fasting glucose,Diabetes HbA1c
medical report showing HDL cholesterol non HDL cholesterol triglycerides total cholesterol VLDL,Lipid Profile
ferritin transferrin saturation iron saturation transferrin TIBC parameters were tested,Iron Profile
specific gravity urine glucose urine RBC urine bilirubin examination,Urine Routine
patient report containing hemoglobin platelet count MCH RBC,CBC
blood test including cobalamin level serum B12 vitamin B12 level B12 cobalamin vitamin B12,Vitamin B12
iron saturation TIBC serum iron transferrin UIBC transferrin saturation test,Iron Profile
serum iron transferrin transferrin saturation iron saturation UIBC TIBC laboratory report,Iron Profile
total protein bilirubin ALT profile,Liver Function
patient laboratory results for cobalamin level vitamin B12 cobalamin vitamin B12 level serum B12,Vitamin B12
patient report containing urine WBC urine appearance urine color specific gravity urine bilirubin urine pH,Urine Routine
UIBC transferrin saturation iron saturation ferritin TIBC examination,Iron Profile
results for UIBC transferrin saturation TIBC,Iron Profile
results for free T4 free T3 T3 TSH thyroid stimulating hormone T4,Thyroid
globulin bilirubin total protein alkaline phosphatase laboratory report,Liver Function
serum B12 cobalamin level vitamin B12 level vitamin B12 test,Vitamin B12
blood test including iron saturation transferrin serum iron TIBC transferrin saturation UIBC,Iron Profile
patient report containing uric acid BUN renal function eGFR potassium sodium,Kidney Function
medical report showing SGPT total protein albumin alkaline phosphatase,Liver Function
transferrin serum iron ferritin laboratory report,Iron Profile
patient laboratory results for eGFR creatinine uric acid renal function,Kidney Function
results for UIBC TIBC ferritin transferrin saturation iron saturation,Iron Profile
serum B12 vitamin B12 vitamin B12 level B12 cobalamin level examination,Vitamin B12
serum B12 cobalamin level vitamin B12 test,Vitamin B12
alkaline phosphatase albumin ALT laboratory report,Liver Function
medical report showing potassium renal function uric acid,Kidney Function
blood test including albumin bilirubin ALT alkaline phosphatase total protein,Liver Function
patient laboratory results for TSH T4 thyroid stimulating hormone,Thyroid
vitamin D 25-OH D total vitamin D 25 hydroxy vitamin D vitamin D3 25-OH vitamin D laboratory report,Vitamin D
vitamin B12 level cobalamin level B12 cobalamin profile,Vitamin B12
laboratory test with triglycerides total cholesterol HDL cholesterol non HDL cholesterol,Lipid Profile
AST SGPT ALT globulin test,Liver Function
laboratory test with T3 T4 free T4 free T3,Thyroid
patient laboratory results for triglycerides total cholesterol VLDL HDL cholesterol LDL cholesterol non HDL cholesterol,Lipid Profile
patient laboratory results for T4 T3 free T4 thyroid stimulating hormone free T3 TSH,Thyroid
patient report containing potassium creatinine eGFR,Kidney Function
AST ALT SGPT bilirubin albumin SGOT examination,Liver Function
laboratory test with HbA1c FBS fasting glucose hemoglobin A1c PPBS postprandial glucose,Diabetes HbA1c
urine ketones urine RBC urine WBC report,Urine Routine
laboratory test with VLDL total cholesterol non HDL cholesterol HDL cholesterol,Lipid Profile
glucose level HbA1c postprandial glucose FBS PPBS report,Diabetes HbA1c
blood test including vitamin D3 25 hydroxy vitamin D 25-OH D total vitamin D vitamin D,Vitamin D
alkaline phosphatase bilirubin SGOT albumin SGPT total protein parameters were tested,Liver Function
results for renal function BUN creatinine urea,Kidney Function
laboratory test with B12 serum B12 vitamin B12 level,Vitamin B12
TSH thyroid stimulating hormone T4 T3 free T3 profile,Thyroid
medical report showing MCH neutrophils WBC platelet count hematocrit,CBC
laboratory test with iron saturation transferrin TIBC ferritin,Iron Profile
patient report containing non HDL cholesterol VLDL total cholesterol,Lipid Profile
neutrophils hematocrit RBC MCHC test,CBC
MCHC neutrophils platelet count examination,CBC
serum B12 vitamin B12 level vitamin B12 B12 cobalamin parameters were tested,Vitamin B12
patient report containing BUN creatinine eGFR sodium uric acid,Kidney Function
patient laboratory results for non HDL cholesterol total cholesterol HDL cholesterol LDL cholesterol VLDL triglycerides,Lipid Profile
blood test including vitamin D3 25-OH D total vitamin D vitamin D,Vitamin D
SGPT globulin ALT AST bilirubin alkaline phosphatase laboratory report,Liver Function
laboratory test with 25-OH vitamin D vitamin D total vitamin D 25-OH D,Vitamin D
urine color specific gravity urine WBC urine RBC profile,Urine Routine
vitamin D3 25 hydroxy vitamin D vitamin D parameters were tested,Vitamin D
FBS blood glucose PPBS glucose level hemoglobin A1c examination,Diabetes HbA1c
PPBS postprandial glucose glucose level fasting blood sugar FBS laboratory report,Diabetes HbA1c
vitamin D3 25-OH vitamin D vitamin D 25-OH D total vitamin D report,Vitamin D
alkaline phosphatase SGPT ALT AST bilirubin SGOT profile,Liver Function
patient report containing serum iron transferrin transferrin saturation UIBC,Iron Profile
results for total vitamin D 25-OH vitamin D vitamin D3,Vitamin D
albumin SGPT SGOT ALT globulin examination,Liver Function
patient laboratory results for urine pH urine color urine glucose,Urine Routine
urine WBC urine pH urine bilirubin urine RBC urine appearance parameters were tested,Urine Routine
HbA1c fasting blood sugar FBS fasting glucose parameters were tested,Diabetes HbA1c
TSH free T4 free T3 T3 thyroid stimulating hormone T4 laboratory report,Thyroid
non HDL cholesterol HDL cholesterol total cholesterol LDL cholesterol laboratory report,Lipid Profile
medical report showing ferritin iron saturation serum iron transferrin saturation,Iron Profile
globulin ALT SGOT bilirubin albumin SGPT test,Liver Function
lymphocytes platelet count neutrophils RBC laboratory report,CBC
medical report showing serum iron ferritin transferrin saturation iron saturation transferrin TIBC,Iron Profile
patient report containing BUN sodium creatinine eGFR renal function,Kidney Function
laboratory test with UIBC transferrin transferrin saturation iron saturation serum iron,Iron Profile
SGOT SGPT AST report,Liver Function
laboratory test with free T3 TSH free T4 T4 T3,Thyroid
medical report showing transferrin transferrin saturation iron saturation UIBC ferritin,Iron Profile
blood test including potassium renal function creatinine urea,Kidney Function
patient report containing vitamin D3 total vitamin D 25-OH D vitamin D,Vitamin D
MCH MCV neutrophils MCHC hemoglobin laboratory report,CBC
vitamin D3 25-OH D 25 hydroxy vitamin D 25-OH vitamin D parameters were tested,Vitamin D
medical report showing hemoglobin WBC platelet count,CBC
results for 25-OH D vitamin D3 25 hydroxy vitamin D vitamin D,Vitamin D
patient report containing urine WBC urine pH urine protein urine RBC urine glucose,Urine Routine
B12 vitamin B12 cobalamin level serum B12 report,Vitamin B12
HDL cholesterol non HDL cholesterol LDL cholesterol triglycerides VLDL total cholesterol test,Lipid Profile
serum B12 vitamin B12 cobalamin vitamin B12 level cobalamin level parameters were tested,Vitamin B12
UIBC transferrin serum iron TIBC transferrin saturation examination,Iron Profile
ALT globulin total protein bilirubin SGPT alkaline phosphatase parameters were tested,Liver Function
non HDL cholesterol HDL cholesterol triglycerides VLDL total cholesterol LDL cholesterol report,Lipid Profile
total cholesterol HDL cholesterol LDL cholesterol non HDL cholesterol parameters were tested,Lipid Profile
medical report showing sodium uric acid renal function creatinine BUN urea,Kidney Function
hemoglobin A1c fasting blood sugar blood glucose glucose level fasting glucose profile,Diabetes HbA1c
patient laboratory results for SGPT total protein alkaline phosphatase SGOT,Liver Function
total cholesterol VLDL non HDL cholesterol HDL cholesterol LDL cholesterol report,Lipid Profile
patient report containing MCH WBC RBC hemoglobin lymphocytes,CBC
TSH thyroid stimulating hormone free T3 laboratory report,Thyroid
medical report showing VLDL HDL cholesterol total cholesterol,Lipid Profile
TSH T3 T4 free T3 thyroid stimulating hormone free T4 laboratory report,Thyroid
laboratory test with alkaline phosphatase bilirubin albumin AST,Liver Function
patient report containing AST alkaline phosphatase globulin bilirubin SGPT total protein,Liver Function
TSH free T3 thyroid stimulating hormone report,Thyroid
patient report containing total vitamin D 25-OH D vitamin D3 vitamin D 25 hydroxy vitamin D 25-OH vitamin D,Vitamin D
cobalamin cobalamin level serum B12 B12 vitamin B12 level vitamin B12 examination,Vitamin B12
SGOT bilirubin total protein globulin laboratory report,Liver Function
uric acid sodium BUN urea parameters were tested,Kidney Function
patient laboratory results for globulin SGOT alkaline phosphatase AST albumin,Liver Function
VLDL LDL cholesterol HDL cholesterol report,Lipid Profile
serum iron iron saturation ferritin UIBC transferrin examination,Iron Profile
urine glucose urine WBC urine color urine appearance examination,Urine Routine
UIBC iron saturation serum iron transferrin TIBC transferrin saturation parameters were tested,Iron Profile
non HDL cholesterol triglycerides LDL cholesterol report,Lipid Profile
laboratory test with alkaline phosphatase AST bilirubin albumin total protein globulin,Liver Function
25-OH D vitamin D 25-OH vitamin D vitamin D3 25 hydroxy vitamin D examination,Vitamin D
25 hydroxy vitamin D 25-OH D vitamin D parameters were tested,Vitamin D
blood test including uric acid sodium urea BUN renal function creatinine,Kidney Function
LDL cholesterol VLDL HDL cholesterol triglycerides parameters were tested,Lipid Profile
TSH free T4 thyroid stimulating hormone free T3 T4 T3 profile,Thyroid
patient report containing VLDL triglycerides HDL cholesterol total cholesterol,Lipid Profile
patient laboratory results for ferritin transferrin iron saturation,Iron Profile
SGPT AST bilirubin SGOT globulin parameters were tested,Liver Function
specific gravity urine appearance urine pH urine glucose profile,Urine Routine
ALT alkaline phosphatase SGOT bilirubin AST test,Liver Function
eGFR potassium renal function uric acid laboratory report,Kidney Function
laboratory test with eGFR renal function uric acid sodium potassium creatinine,Kidney Function
laboratory test with total vitamin D vitamin D3 25 hydroxy vitamin D 25-OH vitamin D vitamin D,Vitamin D
ALT AST total protein bilirubin albumin examination,Liver Function
cobalamin serum B12 vitamin B12 level vitamin B12 test,Vitamin B12
BUN creatinine urea renal function potassium uric acid examination,Kidney Function
laboratory test with vitamin B12 level cobalamin vitamin B12 serum B12 B12 cobalamin level,Vitamin B12
medical report showing ALT SGPT albumin bilirubin SGOT,Liver Function
T3 free T4 T4 examination,Thyroid
results for 25-OH D 25 hydroxy vitamin D total vitamin D vitamin D3 25-OH vitamin D vitamin D,Vitamin D
serum B12 vitamin B12 cobalamin level vitamin B12 level laboratory report,Vitamin B12
patient laboratory results for urine appearance urine bilirubin specific gravity urine protein urine RBC urine glucose,Urine Routine
laboratory test with ferritin transferrin saturation TIBC,Iron Profile
blood test including MCV WBC platelet count MCHC hemoglobin hematocrit,CBC
blood test including urine ketones urine appearance urine color urine protein specific gravity urine RBC,Urine Routine
results for FBS hemoglobin A1c fasting glucose,Diabetes HbA1c
hematocrit MCHC lymphocytes WBC platelet count MCV test,CBC
HDL cholesterol total cholesterol non HDL cholesterol VLDL triglycerides LDL cholesterol parameters were tested,Lipid Profile
patient report containing SGOT albumin total protein globulin,Liver Function
blood test including ferritin TIBC serum iron,Iron Profile
urine bilirubin urine color urine pH urine WBC urine ketones parameters were tested,Urine Routine
patient report containing cobalamin level cobalamin B12 serum B12 vitamin B12 vitamin B12 level,Vitamin B12
TSH free T3 T4 free T4 laboratory report,Thyroid
medical report showing LDL cholesterol non HDL cholesterol total cholesterol HDL cholesterol triglycerides VLDL,Lipid Profile
patient report containing transferrin ferritin UIBC iron saturation,Iron Profile
hemoglobin A1c glucose level blood glucose parameters were tested,Diabetes HbA1c
serum B12 B12 vitamin B12 level cobalamin level cobalamin test,Vitamin B12
VLDL triglycerides HDL cholesterol total cholesterol non HDL cholesterol LDL cholesterol laboratory report,Lipid Profile
cobalamin cobalamin level vitamin B12 examination,Vitamin B12
sodium BUN urea renal function creatinine uric acid examination,Kidney Function
BUN eGFR uric acid sodium creatinine profile,Kidney Function
potassium eGFR uric acid urea creatinine parameters were tested,Kidney Function
ALT total protein AST bilirubin albumin SGPT parameters were tested,Liver Function
patient report containing non HDL cholesterol LDL cholesterol triglycerides total cholesterol VLDL,Lipid Profile
thyroid stimulating hormone free T4 T3 free T3 TSH T4 laboratory report,Thyroid
laboratory test with vitamin D3 25 hydroxy vitamin D 25-OH vitamin D vitamin D total vitamin D 25-OH D,Vitamin D
laboratory test with postprandial glucose hemoglobin A1c glucose level blood glucose PPBS FBS,Diabetes HbA1c
patient laboratory results for urine bilirubin urine color urine appearance urine pH urine protein,Urine Routine
blood test including MCHC RBC hematocrit WBC MCH lymphocytes,CBC
urea sodium potassium renal function creatinine uric acid parameters were tested,Kidney Function
patient laboratory results for TSH free T3 T4,Thyroid
patient report containing urine pH urine color urine RBC urine glucose,Urine Routine
ferritin TIBC iron saturation transferrin examination,Iron Profile
results for free T4 TSH thyroid stimulating hormone free T3 T3 T4,Thyroid
total protein SGOT AST albumin laboratory report,Liver Function
urine protein urine pH specific gravity urine glucose urine color urine bilirubin parameters were tested,Urine Routine
patient laboratory results for neutrophils hematocrit MCHC,CBC
laboratory test with vitamin D 25-OH D 25-OH vitamin D,Vitamin D
FBS fasting glucose blood glucose HbA1c laboratory report,Diabetes HbA1c
patient report containing postprandial glucose HbA1c PPBS,Diabetes HbA1c
25-OH vitamin D vitamin D3 total vitamin D 25-OH D 25 hydroxy vitamin D vitamin D profile,Vitamin D
free T4 T3 free T3 T4 thyroid stimulating hormone TSH profile,Thyroid
blood test including uric acid potassium urea,Kidney Function
medical report showing vitamin B12 level serum B12 cobalamin level,Vitamin B12
urine glucose urine ketones urine appearance urine color urine pH profile,Urine Routine
urine bilirubin urine glucose urine WBC examination,Urine Routine
alkaline phosphatase AST bilirubin SGOT test,Liver Function
laboratory test with hemoglobin neutrophils lymphocytes MCV,CBC
VLDL LDL cholesterol HDL cholesterol non HDL cholesterol triglycerides parameters were tested,Lipid Profile
patient report containing blood glucose hemoglobin A1c HbA1c FBS,Diabetes HbA1c
hemoglobin platelet count neutrophils report,CBC
25 hydroxy vitamin D vitamin D vitamin D3 25-OH vitamin D 25-OH D examination,Vitamin D
serum B12 B12 vitamin B12 level cobalamin level examination,Vitamin B12
urine protein urine bilirubin specific gravity urine color urine ketones urine glucose parameters were tested,Urine Routine
blood test including lymphocytes hemoglobin MCV,CBC
patient report containing serum B12 vitamin B12 level vitamin B12 B12 cobalamin,Vitamin B12
total protein bilirubin SGOT alkaline phosphatase ALT albumin examination,Liver Function
patient report containing urine bilirubin specific gravity urine glucose urine ketones urine protein urine appearance,Urine Routine
patient laboratory results for thyroid stimulating hormone free T4 TSH T4,Thyroid
BUN uric acid creatinine urea eGFR renal function examination,Kidney Function
patient report containing uric acid eGFR BUN sodium,Kidney Function
laboratory test with fasting blood sugar fasting glucose HbA1c PPBS,Diabetes HbA1c
laboratory test with urine bilirubin urine glucose urine ketones specific gravity urine WBC,Urine Routine
T4 free T4 T3 examination,Thyroid
FBS PPBS fasting glucose postprandial glucose HbA1c hemoglobin A1c report,Diabetes HbA1c
patient laboratory results for hemoglobin MCH lymphocytes hematocrit neutrophils,CBC
laboratory test with 25-OH vitamin D vitamin D 25 hydroxy vitamin D vitamin D3 total vitamin D 25-OH D,Vitamin D
25-OH vitamin D total vitamin D vitamin D 25 hydroxy vitamin D vitamin D3 25-OH D parameters were tested,Vitamin D
medical report showing total vitamin D 25-OH D 25-OH vitamin D,Vitamin D
results for ferritin transferrin saturation serum iron iron saturation,Iron Profile
alkaline phosphatase SGOT total protein ALT SGPT report,Liver Function
HbA1c FBS blood glucose glucose level test,Diabetes HbA1c
blood test including ALT bilirubin alkaline phosphatase SGPT,Liver Function
25-OH D vitamin D3 25 hydroxy vitamin D vitamin D laboratory report,Vitamin D
results for specific gravity urine pH urine bilirubin urine WBC,Urine Routine
laboratory test with urine protein urine WBC specific gravity,Urine Routine
medical report showing TIBC ferritin UIBC,Iron Profile
urine WBC urine bilirubin urine protein urine color laboratory report,Urine Routine
ferritin UIBC TIBC iron saturation serum iron transferrin examination,Iron Profile
blood test including non HDL cholesterol LDL cholesterol triglycerides total cholesterol HDL cholesterol,Lipid Profile
laboratory test with free T4 TSH free T3 T4 thyroid stimulating hormone T3,Thyroid
AST SGOT alkaline phosphatase profile,Liver Function
patient laboratory results for total vitamin D 25-OH D vitamin D 25-OH vitamin D vitamin D3 25 hydroxy vitamin D,Vitamin D
medical report showing cobalamin level vitamin B12 cobalamin,Vitamin B12
results for total cholesterol non HDL cholesterol HDL cholesterol triglycerides LDL cholesterol VLDL,Lipid Profile
blood test including triglycerides VLDL HDL cholesterol LDL cholesterol,Lipid Profile
blood test including urine appearance urine WBC urine color urine RBC,Urine Routine
potassium eGFR BUN creatinine renal function sodium test,Kidney Function
laboratory test with specific gravity urine WBC urine RBC,Urine Routine
vitamin D 25-OH D 25-OH vitamin D total vitamin D 25 hydroxy vitamin D vitamin D3 profile,Vitamin D
laboratory test with B12 serum B12 vitamin B12 cobalamin vitamin B12 level,Vitamin B12
medical report showing neutrophils MCH WBC,CBC
medical report showing ferritin transferrin saturation UIBC iron saturation serum iron TIBC,Iron Profile
urine RBC urine protein urine WBC urine glucose urine appearance urine bilirubin parameters were tested,Urine Routine
results for thyroid stimulating hormone free T4 T3,Thyroid
patient report containing free T3 free T4 TSH,Thyroid
T4 TSH T3 report,Thyroid
globulin albumin total protein bilirubin SGOT AST test,Liver Function
ALT bilirubin albumin parameters were tested,Liver Function
patient report containing 25 hydroxy vitamin D 25-OH D 25-OH vitamin D vitamin D3 vitamin D total vitamin D,Vitamin D
patient laboratory results for total vitamin D 25-OH vitamin D 25-OH D,Vitamin D
medical report showing 25-OH vitamin D vitamin D3 vitamin D total vitamin D 25-OH D 25 hydroxy vitamin D,Vitamin D
hemoglobin A1c fasting blood sugar fasting glucose profile,Diabetes HbA1c
ferritin UIBC serum iron profile,Iron Profile
HDL cholesterol LDL cholesterol VLDL profile,Lipid Profile
laboratory test with vitamin B12 vitamin B12 level serum B12 B12 cobalamin,Vitamin B12
HbA1c glucose level hemoglobin A1c test,Diabetes HbA1c
ALT bilirubin globulin SGPT albumin profile,Liver Function
patient report containing thyroid stimulating hormone TSH free T3 T3,Thyroid
transferrin serum iron transferrin saturation profile,Iron Profile
serum B12 vitamin B12 cobalamin level vitamin B12 level B12 profile,Vitamin B12
patient laboratory results for TIBC serum iron transferrin ferritin,Iron Profile
hemoglobin A1c FBS PPBS fasting blood sugar glucose level laboratory report,Diabetes HbA1c
vitamin D3 vitamin D total vitamin D 25-OH vitamin D report,Vitamin D
patient laboratory results for TSH T3 T4 free T4,Thyroid
patient laboratory results for thyroid stimulating hormone T3 TSH free T4 T4 free T3,Thyroid
cobalamin level vitamin B12 B12 serum B12 report,Vitamin B12
25 hydroxy vitamin D 25-OH vitamin D vitamin D3 total vitamin D 25-OH D vitamin D test,Vitamin D
eGFR renal function sodium laboratory report,Kidney Function
uric acid sodium renal function potassium eGFR BUN test,Kidney Function
urine pH urine ketones urine color urine glucose urine WBC profile,Urine Routine
serum iron transferrin UIBC TIBC test,Iron Profile
patient report containing TIBC ferritin iron saturation transferrin,Iron Profile
blood glucose glucose level HbA1c postprandial glucose PPBS examination,Diabetes HbA1c
albumin alkaline phosphatase globulin examination,Liver Function
results for 25-OH D total vitamin D vitamin D3 vitamin D 25 hydroxy vitamin D 25-OH vitamin D,Vitamin D
laboratory test with VLDL triglycerides LDL cholesterol total cholesterol non HDL cholesterol HDL cholesterol,Lipid Profile
results for urine glucose urine ketones urine bilirubin specific gravity urine pH urine RBC,Urine Routine
VLDL triglycerides LDL cholesterol test,Lipid Profile
patient laboratory results for fasting blood sugar FBS glucose level hemoglobin A1c HbA1c PPBS,Diabetes HbA1c
non HDL cholesterol triglycerides VLDL LDL cholesterol examination,Lipid Profile
alkaline phosphatase total protein SGOT SGPT parameters were tested,Liver Function
blood test including urine ketones urine bilirubin specific gravity urine pH urine glucose,Urine Routine
urine ketones urine RBC urine appearance urine glucose urine color urine WBC test,Urine Routine
triglycerides total cholesterol LDL cholesterol laboratory report,Lipid Profile
patient laboratory results for 25-OH D vitamin D total vitamin D,Vitamin D
transferrin saturation iron saturation UIBC TIBC transferrin serum iron test,Iron Profile
blood test including RBC hematocrit lymphocytes MCV platelet count,CBC
results for BUN creatinine potassium renal function uric acid,Kidney Function
urine RBC urine glucose urine pH urine appearance urine color parameters were tested,Urine Routine
patient laboratory results for urine ketones urine protein urine WBC urine RBC,Urine Routine
patient report containing urine pH specific gravity urine glucose urine WBC,Urine Routine
VLDL triglycerides LDL cholesterol parameters were tested,Lipid Profile
ALT albumin total protein SGOT AST globulin report,Liver Function
patient report containing FBS blood glucose hemoglobin A1c fasting glucose HbA1c glucose level,Diabetes HbA1c
FBS blood glucose hemoglobin A1c postprandial glucose fasting glucose glucose level laboratory report,Diabetes HbA1c
patient report containing serum B12 cobalamin vitamin B12 B12 cobalamin level,Vitamin B12
total vitamin D vitamin D3 25 hydroxy vitamin D 25-OH D vitamin D 25-OH vitamin D laboratory report,Vitamin D
medical report showing hemoglobin A1c HbA1c blood glucose,Diabetes HbA1c
PPBS fasting blood sugar blood glucose fasting glucose glucose level laboratory report,Diabetes HbA1c
blood test including iron saturation serum iron UIBC ferritin transferrin TIBC,Iron Profile
results for MCH neutrophils MCV RBC MCHC,CBC
laboratory test with vitamin D3 25 hydroxy vitamin D 25-OH vitamin D,Vitamin D
patient laboratory results for urine glucose urine bilirubin urine appearance,Urine Routine
results for AST alkaline phosphatase albumin globulin SGPT,Liver Function
results for ALT alkaline phosphatase globulin,Liver Function
hemoglobin lymphocytes platelet count MCHC examination,CBC
free T4 T3 thyroid stimulating hormone T4 report,Thyroid
blood test including PPBS postprandial glucose blood glucose FBS HbA1c glucose level,Diabetes HbA1c
VLDL LDL cholesterol triglycerides HDL cholesterol total cholesterol non HDL cholesterol profile,Lipid Profile
blood glucose fasting blood sugar PPBS HbA1c FBS report,Diabetes HbA1c
cobalamin vitamin B12 B12 report,Vitamin B12
platelet count RBC MCHC hemoglobin hematocrit WBC test,CBC
blood test including B12 cobalamin level serum B12 vitamin B12 level cobalamin,Vitamin B12
blood test including non HDL cholesterol total cholesterol triglycerides VLDL,Lipid Profile
MCV lymphocytes hematocrit report,CBC
eGFR renal function BUN parameters were tested,Kidney Function
serum iron transferrin TIBC examination,Iron Profile
TSH free T4 T4 free T3 examination,Thyroid
blood test including T4 free T4 TSH,Thyroid
laboratory test with SGOT globulin albumin ALT bilirubin,Liver Function
bilirubin AST albumin parameters were tested,Liver Function
patient report containing TIBC transferrin saturation serum iron UIBC iron saturation,Iron Profile
laboratory test with VLDL HDL cholesterol triglycerides,Lipid Profile
TSH free T3 thyroid stimulating hormone parameters were tested,Thyroid
results for urine glucose urine RBC urine pH,Urine Routine
25-OH D 25 hydroxy vitamin D vitamin D total vitamin D report,Vitamin D
HbA1c glucose level fasting glucose test,Diabetes HbA1c
patient laboratory results for urea renal function sodium,Kidney Function
patient report containing vitamin B12 serum B12 cobalamin,Vitamin B12
cobalamin serum B12 cobalamin level vitamin B12 parameters were tested,Vitamin B12
medical report showing vitamin B12 cobalamin level cobalamin,Vitamin B12
iron saturation ferritin transferrin TIBC serum iron profile,Iron Profile
transferrin transferrin saturation iron saturation ferritin test,Iron Profile
medical report showing transferrin saturation serum iron iron saturation ferritin transferrin TIBC,Iron Profile
B12 cobalamin vitamin B12 vitamin B12 level serum B12 parameters were tested,Vitamin B12
triglycerides VLDL LDL cholesterol parameters were tested,Lipid Profile
results for SGPT alkaline phosphatase albumin globulin bilirubin,Liver Function
blood test including uric acid urea creatinine renal function,Kidney Function
blood glucose fasting glucose PPBS postprandial glucose HbA1c fasting blood sugar parameters were tested,Diabetes HbA1c
blood test including 25-OH D 25-OH vitamin D total vitamin D vitamin D3 25 hydroxy vitamin D,Vitamin D
cobalamin serum B12 B12 cobalamin level vitamin B12 report,Vitamin B12
blood test including MCV MCH RBC WBC neutrophils,CBC
results for vitamin D 25-OH D 25-OH vitamin D 25 hydroxy vitamin D vitamin D3 total vitamin D,Vitamin D
blood test including urea renal function uric acid,Kidney Function
patient report containing neutrophils MCHC RBC MCV platelet count MCH,CBC
urine appearance urine WBC urine RBC urine glucose profile,Urine Routine
laboratory test with urine bilirubin urine protein urine ketones urine pH,Urine Routine
ALT total protein globulin alkaline phosphatase AST albumin profile,Liver Function
patient laboratory results for urine pH urine RBC specific gravity,Urine Routine
RBC hematocrit WBC test,CBC
patient report containing transferrin saturation iron saturation ferritin,Iron Profile
sodium urea creatinine renal function uric acid eGFR examination,Kidney Function
potassium eGFR uric acid urea BUN profile,Kidney Function
blood test including triglycerides VLDL non HDL cholesterol HDL cholesterol LDL cholesterol total cholesterol,Lipid Profile
platelet count MCV hematocrit RBC MCH MCHC parameters were tested,CBC
results for free T3 free T4 thyroid stimulating hormone TSH T4 T3,Thyroid
25-OH vitamin D vitamin D 25-OH D total vitamin D vitamin D3 25 hydroxy vitamin D parameters were tested,Vitamin D
T3 thyroid stimulating hormone free T3 T4 TSH examination,Thyroid
patient laboratory results for platelet count lymphocytes hematocrit MCV MCH,CBC
sodium creatinine uric acid BUN renal function parameters were tested,Kidney Function
AST SGOT albumin profile,Liver Function
iron saturation transferrin ferritin profile,Iron Profile
blood test including lymphocytes WBC MCH platelet count hematocrit MCHC,CBC
albumin globulin bilirubin alkaline phosphatase laboratory report,Liver Function
laboratory test with 25 hydroxy vitamin D vitamin D3 25-OH vitamin D,Vitamin D
total cholesterol HDL cholesterol triglycerides non HDL cholesterol laboratory report,Lipid Profile
ferritin transferrin TIBC examination,Iron Profile
medical report showing albumin total protein globulin SGPT,Liver Function
transferrin saturation UIBC ferritin transferrin iron saturation laboratory report,Iron Profile
results for vitamin D3 25-OH vitamin D 25-OH D total vitamin D vitamin D 25 hydroxy vitamin D,Vitamin D
patient report containing sodium BUN renal function,Kidney Function
laboratory test with platelet count WBC hemoglobin,CBC
thyroid stimulating hormone T4 T3 free T3 parameters were tested,Thyroid
results for eGFR BUN renal function,Kidney Function
medical report showing thyroid stimulating hormone T3 free T3 TSH,Thyroid
patient laboratory results for triglycerides VLDL total cholesterol LDL cholesterol,Lipid Profile
laboratory test with TSH thyroid stimulating hormone T3 free T3 free T4 T4,Thyroid
laboratory test with non HDL cholesterol VLDL LDL cholesterol HDL cholesterol total cholesterol triglycerides,Lipid Profile
medical report showing SGPT total protein AST globulin albumin bilirubin,Liver Function
patient laboratory results for postprandial glucose hemoglobin A1c glucose level fasting glucose HbA1c FBS,Diabetes HbA1c
eGFR creatinine sodium BUN profile,Kidney Function
patient report containing transferrin ferritin serum iron,Iron Profile
hemoglobin A1c postprandial glucose fasting blood sugar test,Diabetes HbA1c
total cholesterol triglycerides LDL cholesterol parameters were tested,Lipid Profile
medical report showing creatinine sodium potassium,Kidney Function
blood test including WBC hemoglobin platelet count MCV lymphocytes RBC,CBC
blood test including 25-OH vitamin D total vitamin D 25 hydroxy vitamin D vitamin D 25-OH D,Vitamin D
patient laboratory results for HDL cholesterol LDL cholesterol triglycerides total cholesterol,Lipid Profile
MCHC MCH platelet count WBC MCV hemoglobin test,CBC
hematocrit platelet count MCV WBC RBC profile,CBC
patient report containing globulin AST SGPT alkaline phosphatase ALT,Liver Function
MCHC MCV platelet count neutrophils WBC hematocrit profile,CBC
creatinine sodium eGFR profile,Kidney Function
patient report containing 25-OH vitamin D 25 hydroxy vitamin D total vitamin D vitamin D3 vitamin D,Vitamin D
vitamin D total vitamin D 25 hydroxy vitamin D laboratory report,Vitamin D
ferritin TIBC serum iron report,Iron Profile
total vitamin D vitamin D3 25-OH vitamin D report,Vitamin D
patient laboratory results for cobalamin cobalamin level vitamin B12 level vitamin B12 serum B12 B12,Vitamin B12
patient report containing SGOT globulin ALT total protein albumin AST,Liver Function
blood test including vitamin B12 level vitamin B12 cobalamin level cobalamin,Vitamin B12
medical report showing hematocrit MCV WBC platelet count hemoglobin MCHC,CBC
fasting glucose hemoglobin A1c HbA1c postprandial glucose laboratory report,Diabetes HbA1c
cobalamin B12 vitamin B12 level cobalamin level profile,Vitamin B12
free T4 T3 TSH T4 free T3 parameters were tested,Thyroid
laboratory test with total vitamin D vitamin D3 vitamin D 25-OH vitamin D,Vitamin D
B12 cobalamin vitamin B12 cobalamin level parameters were tested,Vitamin B12
medical report showing total protein SGPT bilirubin AST ALT,Liver Function
laboratory test with total cholesterol non HDL cholesterol LDL cholesterol triglycerides VLDL,Lipid Profile
25 hydroxy vitamin D vitamin D3 25-OH D total vitamin D vitamin D laboratory report,Vitamin D
patient report containing urine bilirubin urine ketones urine RBC,Urine Routine
hemoglobin A1c glucose level HbA1c fasting glucose examination,Diabetes HbA1c
patient report containing urine glucose urine pH urine bilirubin,Urine Routine
medical report showing transferrin ferritin iron saturation UIBC transferrin saturation,Iron Profile
patient laboratory results for eGFR BUN potassium renal function uric acid,Kidney Function
results for 25-OH D 25-OH vitamin D 25 hydroxy vitamin D vitamin D3 vitamin D,Vitamin D
VLDL HDL cholesterol total cholesterol non HDL cholesterol triglycerides LDL cholesterol parameters were tested,Lipid Profile
25-OH vitamin D 25-OH D vitamin D report,Vitamin D
hemoglobin A1c HbA1c blood glucose laboratory report,Diabetes HbA1c
UIBC transferrin ferritin serum iron iron saturation TIBC examination,Iron Profile
LDL cholesterol HDL cholesterol triglycerides test,Lipid Profile
SGPT globulin albumin profile,Liver Function
urine color urine ketones urine WBC urine bilirubin specific gravity urine glucose parameters were tested,Urine Routine
25-OH D 25 hydroxy vitamin D 25-OH vitamin D report,Vitamin D
patient report containing non HDL cholesterol LDL cholesterol triglycerides total cholesterol HDL cholesterol,Lipid Profile
laboratory test with total protein SGOT bilirubin alkaline phosphatase,Liver Function
medical report showing renal function potassium urea creatinine eGFR sodium,Kidney Function
results for VLDL HDL cholesterol non HDL cholesterol total cholesterol LDL cholesterol triglycerides,Lipid Profile
patient report containing total protein SGPT ALT,Liver Function
laboratory test with TSH free T3 thyroid stimulating hormone,Thyroid
MCHC MCV hematocrit examination,CBC
medical report showing 25-OH vitamin D vitamin D3 25 hydroxy vitamin D,Vitamin D
renal function urea uric acid test,Kidney Function
patient laboratory results for free T4 TSH thyroid stimulating hormone T3 free T3 T4,Thyroid
glucose level fasting blood sugar HbA1c postprandial glucose blood glucose hemoglobin A1c examination,Diabetes HbA1c
thyroid stimulating hormone T4 free T4 profile,Thyroid
blood test including serum iron TIBC iron saturation,Iron Profile
laboratory test with urine bilirubin urine appearance urine protein urine ketones urine color specific gravity,Urine Routine
blood test including TSH T3 free T3 T4 thyroid stimulating hormone free T4,Thyroid
patient report containing FBS fasting glucose postprandial glucose fasting blood sugar,Diabetes HbA1c
results for LDL cholesterol VLDL non HDL cholesterol,Lipid Profile
T4 free T3 TSH test,Thyroid
blood test including globulin AST albumin ALT bilirubin SGOT,Liver Function
blood test including vitamin D3 total vitamin D 25-OH D vitamin D,Vitamin D
patient report containing FBS PPBS blood glucose postprandial glucose fasting blood sugar,Diabetes HbA1c
VLDL non HDL cholesterol LDL cholesterol total cholesterol HDL cholesterol laboratory report,Lipid Profile
uric acid urea BUN eGFR examination,Kidney Function
FBS glucose level fasting glucose fasting blood sugar blood glucose laboratory report,Diabetes HbA1c
hematocrit MCH neutrophils parameters were tested,CBC
patient report containing MCHC WBC hemoglobin neutrophils MCH hematocrit,CBC
urine pH urine ketones urine RBC urine WBC parameters were tested,Urine Routine
TSH thyroid stimulating hormone T3 free T3 T4 free T4 parameters were tested,Thyroid
laboratory test with non HDL cholesterol VLDL LDL cholesterol triglycerides total cholesterol HDL cholesterol,Lipid Profile
patient laboratory results for cobalamin level B12 vitamin B12,Vitamin B12
potassium sodium renal function uric acid BUN urea report,Kidney Function
T3 T4 free T3 free T4 examination,Thyroid
vitamin B12 cobalamin serum B12 cobalamin level test,Vitamin B12
patient laboratory results for VLDL non HDL cholesterol LDL cholesterol,Lipid Profile
results for TIBC UIBC transferrin saturation iron saturation,Iron Profile
results for hematocrit RBC MCH MCV platelet count hemoglobin,CBC
specific gravity urine ketones urine color urine glucose urine RBC report,Urine Routine
patient report containing vitamin D3 25-OH vitamin D 25 hydroxy vitamin D vitamin D,Vitamin D
cobalamin level serum B12 cobalamin B12 vitamin B12 level vitamin B12 test,Vitamin B12
serum iron transferrin TIBC transferrin saturation ferritin iron saturation profile,Iron Profile
blood test including postprandial glucose fasting blood sugar HbA1c,Diabetes HbA1c
total vitamin D vitamin D3 25 hydroxy vitamin D 25-OH D vitamin D 25-OH vitamin D profile,Vitamin D
results for urine RBC urine bilirubin urine appearance urine WBC urine glucose urine pH,Urine Routine
urea potassium sodium examination,Kidney Function
patient report containing vitamin B12 cobalamin vitamin B12 level serum B12 B12,Vitamin B12
TSH T3 free T4 T4 free T3 thyroid stimulating hormone parameters were tested,Thyroid
patient laboratory results for TSH free T4 free T3,Thyroid
patient report containing RBC MCV neutrophils WBC MCHC,CBC
patient laboratory results for cobalamin serum B12 vitamin B12 level vitamin B12 cobalamin level B12,Vitamin B12
medical report showing TIBC serum iron iron saturation ferritin UIBC transferrin,Iron Profile
results for LDL cholesterol non HDL cholesterol VLDL,Lipid Profile
blood test including T4 thyroid stimulating hormone free T4 free T3,Thyroid
patient report containing vitamin D 25 hydroxy vitamin D 25-OH vitamin D vitamin D3,Vitamin D
LDL cholesterol triglycerides HDL cholesterol non HDL cholesterol VLDL parameters were tested,Lipid Profile
eGFR renal function potassium laboratory report,Kidney Function
patient laboratory results for BUN uric acid eGFR,Kidney Function
T3 TSH T4 thyroid stimulating hormone free T3 free T4 parameters were tested,Thyroid
TSH T3 free T3 test,Thyroid
patient report containing hematocrit hemoglobin WBC MCH MCHC MCV,CBC
glucose level FBS fasting glucose blood glucose hemoglobin A1c HbA1c profile,Diabetes HbA1c
total cholesterol non HDL cholesterol HDL cholesterol parameters were tested,Lipid Profile
laboratory test with glucose level fasting glucose hemoglobin A1c,Diabetes HbA1c
thyroid stimulating hormone free T3 T4 TSH laboratory report,Thyroid
blood test including thyroid stimulating hormone free T4 T4 T3 TSH free T3,Thyroid
patient report containing urine WBC urine appearance urine RBC urine color urine protein,Urine Routine
medical report showing TSH T3 free T3,Thyroid
results for thyroid stimulating hormone T4 free T3 free T4 TSH T3,Thyroid
renal function potassium uric acid sodium BUN test,Kidney Function
laboratory test with total cholesterol HDL cholesterol LDL cholesterol triglycerides VLDL,Lipid Profile
laboratory test with vitamin B12 level serum B12 cobalamin level,Vitamin B12
25 hydroxy vitamin D vitamin D3 25-OH D test,Vitamin D
WBC MCHC lymphocytes hematocrit platelet count report,CBC
PPBS FBS postprandial glucose hemoglobin A1c glucose level laboratory report,Diabetes HbA1c
free T3 free T4 T4 T3 examination,Thyroid
patient report containing thyroid stimulating hormone free T4 TSH,Thyroid
BUN urea sodium creatinine examination,Kidney Function
AST ALT globulin SGOT albumin report,Liver Function
patient report containing UIBC transferrin serum iron TIBC transferrin saturation iron saturation,Iron Profile
blood test including vitamin B12 B12 cobalamin,Vitamin B12
blood test including AST alkaline phosphatase SGPT globulin SGOT albumin,Liver Function
patient report containing lymphocytes MCV hemoglobin WBC,CBC
patient report containing vitamin B12 level serum B12 B12 cobalamin vitamin B12,Vitamin B12
laboratory test with free T4 thyroid stimulating hormone free T3 T3,Thyroid
SGOT AST bilirubin SGPT examination,Liver Function
MCHC RBC hemoglobin platelet count examination,CBC
fasting glucose blood glucose glucose level FBS postprandial glucose fasting blood sugar report,Diabetes HbA1c
TIBC transferrin saturation iron saturation UIBC transferrin ferritin parameters were tested,Iron Profile
results for MCH hemoglobin MCV MCHC,CBC
results for AST bilirubin ALT globulin alkaline phosphatase,Liver Function
urine protein urine WBC urine pH urine RBC urine bilirubin test,Urine Routine
results for AST bilirubin alkaline phosphatase,Liver Function
urine WBC specific gravity urine appearance test,Urine Routine
medical report showing sodium renal function eGFR creatinine uric acid BUN,Kidney Function
patient report containing UIBC iron saturation transferrin saturation TIBC ferritin transferrin,Iron Profile
urine pH urine glucose urine ketones urine protein urine RBC profile,Urine Routine
patient report containing vitamin D vitamin D3 25 hydroxy vitamin D,Vitamin D
SGOT ALT total protein albumin AST alkaline phosphatase examination,Liver Function
SGPT albumin AST alkaline phosphatase report,Liver Function
patient report containing neutrophils lymphocytes hematocrit MCH WBC,CBC
results for VLDL LDL cholesterol non HDL cholesterol HDL cholesterol triglycerides total cholesterol,Lipid Profile
patient laboratory results for AST ALT globulin SGOT,Liver Function
results for serum iron ferritin TIBC,Iron Profile
serum B12 B12 cobalamin vitamin B12 level cobalamin level examination,Vitamin B12
total vitamin D vitamin D3 vitamin D laboratory report,Vitamin D
blood test including B12 cobalamin level vitamin B12,Vitamin B12
hemoglobin A1c glucose level postprandial glucose fasting glucose fasting blood sugar FBS parameters were tested,Diabetes HbA1c
T3 free T4 thyroid stimulating hormone TSH report,Thyroid
urine pH urine appearance urine ketones urine bilirubin parameters were tested,Urine Routine
free T4 T3 thyroid stimulating hormone T4 TSH parameters were tested,Thyroid
vitamin D3 25-OH vitamin D 25 hydroxy vitamin D profile,Vitamin D
blood test including creatinine renal function eGFR sodium potassium BUN,Kidney Function
blood test including MCH MCHC hematocrit MCV platelet count,CBC
serum iron ferritin transferrin report,Iron Profile
laboratory test with UIBC transferrin saturation TIBC,Iron Profile
blood test including T4 TSH T3,Thyroid
SGOT ALT bilirubin alkaline phosphatase total protein test,Liver Function
creatinine uric acid renal function sodium potassium report,Kidney Function
transferrin saturation TIBC iron saturation UIBC transferrin serum iron report,Iron Profile
sodium urea eGFR renal function potassium profile,Kidney Function
medical report showing UIBC transferrin saturation serum iron TIBC,Iron Profile
potassium eGFR sodium creatinine urea renal function parameters were tested,Kidney Function
medical report showing non HDL cholesterol HDL cholesterol LDL cholesterol triglycerides,Lipid Profile
T3 T4 free T3 profile,Thyroid
total vitamin D vitamin D3 25 hydroxy vitamin D vitamin D 25-OH vitamin D 25-OH D laboratory report,Vitamin D
specific gravity urine RBC urine color report,Urine Routine
laboratory test with MCHC WBC hematocrit neutrophils RBC,CBC
results for hemoglobin RBC MCH lymphocytes platelet count neutrophils,CBC
urine WBC urine appearance urine glucose urine ketones examination,Urine Routine
specific gravity urine bilirubin urine glucose examination,Urine Routine
results for RBC hemoglobin MCH,CBC
FBS postprandial glucose HbA1c examination,Diabetes HbA1c
glucose level HbA1c FBS fasting blood sugar fasting glucose test,Diabetes HbA1c
FBS blood glucose fasting glucose examination,Diabetes HbA1c
urine pH specific gravity urine bilirubin urine WBC urine glucose urine RBC parameters were tested,Urine Routine
vitamin D3 25 hydroxy vitamin D 25-OH D vitamin D test,Vitamin D
blood test including ferritin UIBC TIBC transferrin,Iron Profile
laboratory test with MCV hemoglobin hematocrit,CBC
BUN creatinine renal function urea uric acid sodium parameters were tested,Kidney Function
triglycerides VLDL non HDL cholesterol LDL cholesterol test,Lipid Profile
results for vitamin D total vitamin D 25 hydroxy vitamin D,Vitamin D
ferritin UIBC transferrin TIBC report,Iron Profile
medical report showing urine glucose urine RBC urine WBC urine pH,Urine Routine
serum B12 vitamin B12 level cobalamin vitamin B12 cobalamin level B12 laboratory report,Vitamin B12
total vitamin D 25-OH vitamin D 25 hydroxy vitamin D vitamin D vitamin D3 25-OH D laboratory report,Vitamin D
urea uric acid BUN parameters were tested,Kidney Function
blood test including T3 free T3 TSH,Thyroid
results for total cholesterol LDL cholesterol HDL cholesterol VLDL,Lipid Profile
laboratory test with urine glucose urine ketones urine appearance,Urine Routine
albumin AST ALT bilirubin SGPT profile,Liver Function
T3 free T3 free T4 thyroid stimulating hormone TSH laboratory report,Thyroid
patient report containing TSH free T3 thyroid stimulating hormone T3,Thyroid
results for urine protein urine appearance urine color urine pH urine bilirubin specific gravity,Urine Routine
laboratory test with ferritin iron saturation serum iron,Iron Profile
patient report containing transferrin transferrin saturation ferritin TIBC UIBC serum iron,Iron Profile
25 hydroxy vitamin D vitamin D3 25-OH vitamin D 25-OH D parameters were tested,Vitamin D
urine protein urine bilirubin urine appearance urine pH examination,Urine Routine
MCHC WBC lymphocytes MCV RBC parameters were tested,CBC
SGOT SGPT alkaline phosphatase total protein globulin albumin laboratory report,Liver Function
blood test including triglycerides non HDL cholesterol HDL cholesterol,Lipid Profile
total vitamin D vitamin D 25-OH vitamin D 25 hydroxy vitamin D 25-OH D vitamin D3 report,Vitamin D
blood test including VLDL triglycerides LDL cholesterol total cholesterol HDL cholesterol non HDL cholesterol,Lipid Profile
blood glucose PPBS hemoglobin A1c HbA1c fasting glucose fasting blood sugar laboratory report,Diabetes HbA1c
patient laboratory results for vitamin B12 serum B12 cobalamin level B12 vitamin B12 level cobalamin,Vitamin B12
laboratory test with ferritin serum iron transferrin saturation TIBC transferrin iron saturation,Iron Profile
thyroid stimulating hormone TSH T3 free T4 free T3 test,Thyroid
FBS postprandial glucose HbA1c fasting blood sugar report,Diabetes HbA1c
results for glucose level HbA1c fasting glucose PPBS blood glucose,Diabetes HbA1c
medical report showing urine pH urine appearance urine ketones,Urine Routine
urine glucose urine bilirubin urine appearance parameters were tested,Urine Routine
urine color urine WBC urine ketones urine RBC urine bilirubin urine glucose report,Urine Routine
T3 T4 thyroid stimulating hormone free T3 laboratory report,Thyroid
urine color urine pH urine WBC examination,Urine Routine
results for fasting blood sugar PPBS glucose level blood glucose,Diabetes HbA1c
patient laboratory results for VLDL triglycerides LDL cholesterol,Lipid Profile
25-OH D 25-OH vitamin D vitamin D vitamin D3 test,Vitamin D
patient report containing total cholesterol triglycerides HDL cholesterol,Lipid Profile
vitamin B12 level B12 cobalamin level report,Vitamin B12
total vitamin D 25-OH vitamin D vitamin D3 25-OH D report,Vitamin D
patient laboratory results for serum B12 B12 cobalamin level,Vitamin B12
patient laboratory results for MCHC RBC platelet count lymphocytes,CBC
medical report showing MCH hematocrit platelet count MCV RBC hemoglobin,CBC
urine RBC urine color urine appearance urine pH examination,Urine Routine
patient report containing MCH MCV hematocrit neutrophils,CBC
laboratory test with sodium eGFR uric acid BUN creatinine,Kidney Function
medical report showing postprandial glucose PPBS HbA1c blood glucose hemoglobin A1c,Diabetes HbA1c
blood test including HDL cholesterol LDL cholesterol triglycerides,Lipid Profile
25-OH vitamin D 25 hydroxy vitamin D vitamin D3 total vitamin D 25-OH D vitamin D test,Vitamin D
patient laboratory results for iron saturation transferrin serum iron TIBC ferritin,Iron Profile
medical report showing TSH thyroid stimulating hormone T4 free T3 T3,Thyroid
renal function potassium urea BUN test,Kidney Function
blood test including LDL cholesterol total cholesterol triglycerides HDL cholesterol,Lipid Profile
free T4 TSH free T3 thyroid stimulating hormone T4 report,Thyroid
thyroid stimulating hormone TSH T4 free T3 T3 free T4 test,Thyroid
cobalamin level vitamin B12 vitamin B12 level B12 report,Vitamin B12
MCV hematocrit hemoglobin MCHC WBC neutrophils examination,CBC
TSH thyroid stimulating hormone T3 examination,Thyroid
urine bilirubin urine appearance urine color specific gravity urine pH report,Urine Routine
patient report containing AST alkaline phosphatase total protein globulin,Liver Function
triglycerides LDL cholesterol total cholesterol HDL cholesterol non HDL cholesterol examination,Lipid Profile
transferrin saturation ferritin transferrin serum iron laboratory report,Iron Profile
urine protein urine appearance urine pH specific gravity test,Urine Routine
laboratory test with HbA1c glucose level blood glucose FBS hemoglobin A1c,Diabetes HbA1c
AST total protein ALT bilirubin parameters were tested,Liver Function
results for hematocrit hemoglobin RBC,CBC
medical report showing vitamin B12 level serum B12 B12 cobalamin level,Vitamin B12
SGPT albumin SGOT ALT total protein laboratory report,Liver Function
patient report containing LDL cholesterol HDL cholesterol VLDL triglycerides,Lipid Profile
laboratory test with uric acid sodium renal function urea BUN,Kidney Function
laboratory test with sodium creatinine uric acid urea eGFR renal function,Kidney Function
cobalamin level vitamin B12 cobalamin B12 serum B12 vitamin B12 level test,Vitamin B12
patient laboratory results for blood glucose glucose level HbA1c,Diabetes HbA1c
medical report showing bilirubin total protein ALT,Liver Function
blood test including HDL cholesterol triglycerides LDL cholesterol VLDL non HDL cholesterol,Lipid Profile
B12 cobalamin vitamin B12 serum B12 report,Vitamin B12
triglycerides non HDL cholesterol LDL cholesterol laboratory report,Lipid Profile
blood test including 25 hydroxy vitamin D vitamin D 25-OH D total vitamin D vitamin D3 25-OH vitamin D,Vitamin D
urine bilirubin specific gravity urine WBC urine RBC urine ketones urine appearance examination,Urine Routine
results for lymphocytes WBC neutrophils MCV,CBC
urine RBC urine color urine appearance urine pH specific gravity urine glucose laboratory report,Urine Routine
creatinine eGFR urea uric acid sodium renal function parameters were tested,Kidney Function
hemoglobin A1c fasting blood sugar blood glucose HbA1c FBS PPBS laboratory report,Diabetes HbA1c
blood test including hematocrit RBC neutrophils,CBC
patient report containing total protein ALT alkaline phosphatase SGPT,Liver Function
ALT SGOT total protein AST albumin alkaline phosphatase laboratory report,Liver Function
blood test including T4 free T4 thyroid stimulating hormone TSH T3,Thyroid
results for thyroid stimulating hormone free T3 T3 TSH T4 free T4,Thyroid
medical report showing albumin SGOT total protein,Liver Function
patient report containing eGFR sodium urea potassium,Kidney Function
vitamin B12 level serum B12 vitamin B12 cobalamin level profile,Vitamin B12
fasting glucose PPBS HbA1c hemoglobin A1c glucose level parameters were tested,Diabetes HbA1c
vitamin B12 serum B12 cobalamin level profile,Vitamin B12
laboratory test with TSH free T4 T4 free T3 thyroid stimulating hormone T3,Thyroid
medical report showing neutrophils platelet count MCH,CBC
25-OH D vitamin D 25 hydroxy vitamin D vitamin D3 parameters were tested,Vitamin D
medical report showing 25 hydroxy vitamin D vitamin D total vitamin D 25-OH D,Vitamin D
patient report containing globulin bilirubin SGPT total protein SGOT,Liver Function
laboratory test with VLDL LDL cholesterol total cholesterol triglycerides non HDL cholesterol HDL cholesterol,Lipid Profile
RBC platelet count MCV hemoglobin MCH profile,CBC
patient report containing LDL cholesterol triglycerides total cholesterol,Lipid Profile
total vitamin D vitamin D vitamin D3 test,Vitamin D
bilirubin ALT globulin albumin AST report,Liver Function
LDL cholesterol VLDL triglycerides examination,Lipid Profile
neutrophils WBC hemoglobin MCV hematocrit MCHC test,CBC
bilirubin albumin globulin alkaline phosphatase laboratory report,Liver Function
laboratory test with triglycerides VLDL HDL cholesterol,Lipid Profile
patient report containing T4 T3 TSH,Thyroid
laboratory test with postprandial glucose fasting blood sugar HbA1c FBS,Diabetes HbA1c
results for transferrin saturation iron saturation ferritin,Iron Profile
patient laboratory results for urine ketones urine appearance urine pH urine glucose urine bilirubin urine WBC,Urine Routine
thyroid stimulating hormone T4 T3 free T3 TSH free T4 test,Thyroid
laboratory test with serum iron ferritin UIBC transferrin saturation transferrin iron saturation,Iron Profile
results for cobalamin B12 serum B12 vitamin B12 vitamin B12 level cobalamin level,Vitamin B12
results for urine ketones urine pH urine WBC urine bilirubin urine color urine glucose,Urine Routine
uric acid creatinine renal function urea eGFR profile,Kidney Function
vitamin D3 vitamin D 25 hydroxy vitamin D 25-OH vitamin D 25-OH D total vitamin D parameters were tested,Vitamin D
medical report showing VLDL triglycerides HDL cholesterol total cholesterol non HDL cholesterol LDL cholesterol,Lipid Profile
renal function urea sodium creatinine potassium laboratory report,Kidney Function
iron saturation serum iron UIBC profile,Iron Profile
bilirubin SGOT globulin profile,Liver Function
ALT SGOT bilirubin total protein AST globulin parameters were tested,Liver Function
patient report containing urine appearance urine glucose urine protein urine bilirubin urine color,Urine Routine
laboratory test with uric acid eGFR creatinine urea renal function sodium,Kidney Function
patient report containing blood glucose FBS fasting glucose glucose level,Diabetes HbA1c
fasting glucose HbA1c postprandial glucose examination,Diabetes HbA1c
results for total cholesterol triglycerides non HDL cholesterol HDL cholesterol VLDL,Lipid Profile
results for glucose level PPBS hemoglobin A1c,Diabetes HbA1c
medical report showing vitamin D 25 hydroxy vitamin D 25-OH vitamin D 25-OH D total vitamin D vitamin D3,Vitamin D
25 hydroxy vitamin D total vitamin D 25-OH D vitamin D3 parameters were tested,Vitamin D
medical report showing MCHC MCV hematocrit MCH,CBC
MCV hematocrit platelet count report,CBC
results for WBC MCH hemoglobin MCV hematocrit,CBC
medical report showing ALT alkaline phosphatase AST,Liver Function
patient laboratory results for thyroid stimulating hormone free T3 TSH T3 T4 free T4,Thyroid
blood test including iron saturation TIBC transferrin saturation,Iron Profile
RBC MCHC MCV MCH platelet count hematocrit parameters were tested,CBC
cobalamin B12 vitamin B12 report,Vitamin B12
cobalamin vitamin B12 B12 serum B12 laboratory report,Vitamin B12
urine RBC specific gravity urine appearance urine pH profile,Urine Routine
urine color urine appearance urine pH urine protein urine glucose examination,Urine Routine
patient laboratory results for transferrin saturation iron saturation ferritin TIBC UIBC,Iron Profile
hemoglobin A1c PPBS postprandial glucose HbA1c test,Diabetes HbA1c
total cholesterol triglycerides HDL cholesterol LDL cholesterol VLDL non HDL cholesterol examination,Lipid Profile
vitamin B12 B12 cobalamin cobalamin level laboratory report,Vitamin B12
laboratory test with urine bilirubin urine WBC urine color,Urine Routine
patient laboratory results for fasting blood sugar PPBS postprandial glucose,Diabetes HbA1c
results for PPBS postprandial glucose HbA1c fasting blood sugar FBS hemoglobin A1c,Diabetes HbA1c
25-OH vitamin D vitamin D3 vitamin D total vitamin D 25 hydroxy vitamin D test,Vitamin D
laboratory test with 25-OH D total vitamin D 25 hydroxy vitamin D vitamin D3,Vitamin D
laboratory test with vitamin B12 B12 serum B12 cobalamin level vitamin B12 level,Vitamin B12
urea potassium uric acid examination,Kidney Function
triglycerides LDL cholesterol total cholesterol parameters were tested,Lipid Profile
hematocrit platelet count MCH MCHC lymphocytes examination,CBC
medical report showing neutrophils RBC hematocrit MCHC MCH platelet count,CBC
results for TIBC transferrin saturation transferrin serum iron,Iron Profile
AST bilirubin total protein profile,Liver Function
urine protein urine appearance urine color specific gravity urine glucose laboratory report,Urine Routine
laboratory test with hematocrit lymphocytes platelet count MCV,CBC
patient report containing renal function sodium urea potassium creatinine,Kidney Function
patient report containing LDL cholesterol VLDL non HDL cholesterol total cholesterol,Lipid Profile
patient report containing BUN urea potassium uric acid,Kidney Function
results for sodium renal function creatinine potassium,Kidney Function
patient laboratory results for neutrophils WBC MCH hemoglobin hematocrit RBC,CBC
results for free T3 TSH T3 thyroid stimulating hormone,Thyroid
results for HbA1c blood glucose PPBS glucose level,Diabetes HbA1c
LDL cholesterol triglycerides non HDL cholesterol VLDL HDL cholesterol total cholesterol test,Lipid Profile
patient laboratory results for lymphocytes WBC MCH,CBC
cobalamin serum B12 vitamin B12 vitamin B12 level B12 test,Vitamin B12
patient report containing WBC platelet count lymphocytes MCV,CBC
patient report containing non HDL cholesterol HDL cholesterol total cholesterol LDL cholesterol VLDL,Lipid Profile
fasting glucose glucose level fasting blood sugar FBS blood glucose hemoglobin A1c examination,Diabetes HbA1c
patient report containing triglycerides non HDL cholesterol LDL cholesterol,Lipid Profile
patient report containing HDL cholesterol total cholesterol LDL cholesterol triglycerides non HDL cholesterol VLDL,Lipid Profile
patient laboratory results for cobalamin B12 vitamin B12 serum B12,Vitamin B12
blood test including PPBS postprandial glucose hemoglobin A1c HbA1c glucose level blood glucose,Diabetes HbA1c
blood test including potassium urea uric acid renal function creatinine,Kidney Function
results for TIBC transferrin saturation transferrin UIBC,Iron Profile
UIBC ferritin iron saturation test,Iron Profile
patient laboratory results for vitamin B12 level cobalamin B12 cobalamin level serum B12 vitamin B12,Vitamin B12
bilirubin albumin ALT report,Liver Function
medical report showing triglycerides LDL cholesterol VLDL,Lipid Profile
patient laboratory results for BUN creatinine uric acid potassium sodium urea,Kidney Function
transferrin saturation ferritin UIBC TIBC serum iron laboratory report,Iron Profile
patient laboratory results for total protein SGOT albumin ALT,Liver Function
medical report showing urine glucose urine protein specific gravity urine RBC urine ketones urine pH,Urine Routine
BUN potassium eGFR uric acid renal function urea laboratory report,Kidney Function
vitamin D3 25-OH D 25 hydroxy vitamin D total vitamin D vitamin D 25-OH vitamin D profile,Vitamin D
postprandial glucose fasting blood sugar HbA1c glucose level examination,Diabetes HbA1c
25 hydroxy vitamin D vitamin D3 vitamin D 25-OH D 25-OH vitamin D profile,Vitamin D
MCV neutrophils RBC profile,CBC
blood test including 25 hydroxy vitamin D 25-OH D 25-OH vitamin D total vitamin D vitamin D3 vitamin D,Vitamin D
lymphocytes MCH MCHC report,CBC
laboratory test with eGFR sodium potassium renal function BUN,Kidney Function
non HDL cholesterol triglycerides LDL cholesterol VLDL HDL cholesterol total cholesterol parameters were tested,Lipid Profile
blood glucose HbA1c fasting glucose examination,Diabetes HbA1c
total cholesterol VLDL HDL cholesterol examination,Lipid Profile
hemoglobin A1c blood glucose fasting glucose glucose level PPBS postprandial glucose report,Diabetes HbA1c
results for hemoglobin A1c FBS PPBS,Diabetes HbA1c
results for thyroid stimulating hormone free T4 TSH free T3,Thyroid
patient laboratory results for transferrin saturation ferritin TIBC UIBC transferrin,Iron Profile
lymphocytes neutrophils MCHC platelet count MCH parameters were tested,CBC
patient report containing MCH neutrophils MCHC WBC lymphocytes,CBC
hemoglobin hematocrit MCHC lymphocytes test,CBC
non HDL cholesterol VLDL HDL cholesterol profile,Lipid Profile
blood test including MCV hematocrit RBC platelet count,CBC
laboratory test with globulin ALT alkaline phosphatase total protein,Liver Function
patient laboratory results for hematocrit MCV MCH,CBC
cobalamin serum B12 cobalamin level vitamin B12 level vitamin B12 B12 test,Vitamin B12
TIBC transferrin saturation ferritin UIBC serum iron laboratory report,Iron Profile
lymphocytes platelet count WBC MCV neutrophils parameters were tested,CBC
hematocrit neutrophils MCHC platelet count hemoglobin lymphocytes report,CBC
results for thyroid stimulating hormone free T4 T4 TSH,Thyroid
creatinine renal function sodium urea eGFR examination,Kidney Function
hematocrit hemoglobin platelet count RBC MCV MCH parameters were tested,CBC
medical report showing platelet count hematocrit lymphocytes,CBC
blood test including urine bilirubin urine RBC specific gravity urine color urine pH urine glucose,Urine Routine
transferrin saturation UIBC ferritin TIBC serum iron iron saturation examination,Iron Profile
laboratory test with SGPT ALT alkaline phosphatase total protein SGOT AST,Liver Function
medical report showing serum B12 B12 vitamin B12,Vitamin B12
TSH T4 T3 free T4 free T3 thyroid stimulating hormone examination,Thyroid
MCH RBC platelet count hematocrit MCHC examination,CBC
patient report containing LDL cholesterol total cholesterol HDL cholesterol triglycerides,Lipid Profile
patient laboratory results for SGPT alkaline phosphatase SGOT globulin AST albumin,Liver Function
results for serum iron TIBC iron saturation ferritin UIBC,Iron Profile
medical report showing T3 TSH free T3,Thyroid
25 hydroxy vitamin D 25-OH vitamin D 25-OH D total vitamin D vitamin D3 parameters were tested,Vitamin D
results for WBC MCH RBC,CBC
urine ketones urine appearance urine glucose urine color specific gravity urine RBC parameters were tested,Urine Routine
urea BUN potassium renal function report,Kidney Function
patient laboratory results for vitamin D3 total vitamin D 25 hydroxy vitamin D 25-OH D,Vitamin D
platelet count RBC MCHC MCV test,CBC
alkaline phosphatase albumin total protein AST globulin profile,Liver Function
laboratory test with WBC hematocrit neutrophils MCV platelet count,CBC
B12 cobalamin level vitamin B12 serum B12 vitamin B12 level cobalamin parameters were tested,Vitamin B12
medical report showing 25-OH vitamin D total vitamin D 25-OH D vitamin D3 vitamin D,Vitamin D
patient report containing T3 TSH free T3 free T4,Thyroid
laboratory test with cobalamin serum B12 B12 vitamin B12 vitamin B12 level cobalamin level,Vitamin B12
vitamin B12 cobalamin cobalamin level serum B12 vitamin B12 level laboratory report,Vitamin B12
cobalamin level serum B12 B12 vitamin B12 level parameters were tested,Vitamin B12
uric acid urea creatinine sodium renal function BUN report,Kidney Function
T3 thyroid stimulating hormone T4 free T4 free T3 TSH parameters were tested,Thyroid
non HDL cholesterol triglycerides HDL cholesterol parameters were tested,Lipid Profile
HDL cholesterol VLDL non HDL cholesterol LDL cholesterol test,Lipid Profile
iron saturation transferrin saturation serum iron transferrin TIBC ferritin laboratory report,Iron Profile
total cholesterol non HDL cholesterol HDL cholesterol triglycerides LDL cholesterol test,Lipid Profile
patient report containing glucose level fasting glucose fasting blood sugar,Diabetes HbA1c
blood test including hematocrit MCV MCHC lymphocytes,CBC
vitamin B12 cobalamin level serum B12 B12 vitamin B12 level test,Vitamin B12
results for creatinine sodium potassium uric acid renal function urea,Kidney Function
HDL cholesterol VLDL total cholesterol non HDL cholesterol LDL cholesterol triglycerides laboratory report,Lipid Profile
UIBC TIBC iron saturation ferritin transferrin serum iron report,Iron Profile
blood test including urine ketones specific gravity urine glucose,Urine Routine
results for MCHC platelet count hematocrit neutrophils,CBC
results for platelet count neutrophils RBC MCV hematocrit MCH,CBC
laboratory test with UIBC serum iron transferrin saturation,Iron Profile
patient laboratory results for cobalamin level cobalamin B12 vitamin B12 level serum B12,Vitamin B12
SGOT ALT total protein AST globulin bilirubin parameters were tested,Liver Function
urea creatinine potassium uric acid examination,Kidney Function
laboratory test with urine ketones urine RBC urine glucose urine color specific gravity urine pH,Urine Routine
transferrin iron saturation TIBC UIBC ferritin transferrin saturation examination,Iron Profile
medical report showing hemoglobin hematocrit platelet count,CBC
vitamin D total vitamin D 25 hydroxy vitamin D 25-OH D test,Vitamin D
laboratory test with glucose level postprandial glucose fasting glucose blood glucose,Diabetes HbA1c
laboratory test with postprandial glucose glucose level hemoglobin A1c,Diabetes HbA1c
25-OH D 25 hydroxy vitamin D vitamin D 25-OH vitamin D vitamin D3 total vitamin D examination,Vitamin D
MCHC MCH platelet count parameters were tested,CBC
vitamin D 25-OH D vitamin D3 25-OH vitamin D profile,Vitamin D
potassium sodium uric acid examination,Kidney Function
patient laboratory results for urine pH urine color urine protein urine RBC,Urine Routine
results for HbA1c PPBS glucose level hemoglobin A1c blood glucose,Diabetes HbA1c
BUN eGFR uric acid profile,Kidney Function
urine ketones specific gravity urine RBC urine glucose examination,Urine Routine
25-OH D 25-OH vitamin D vitamin D3 examination,Vitamin D
laboratory test with TIBC transferrin saturation serum iron,Iron Profile
patient laboratory results for TIBC iron saturation transferrin UIBC,Iron Profile
patient laboratory results for SGPT alkaline phosphatase total protein AST bilirubin ALT,Liver Function
results for B12 cobalamin serum B12 cobalamin level,Vitamin B12
25 hydroxy vitamin D vitamin D 25-OH vitamin D vitamin D3 25-OH D profile,Vitamin D
patient report containing 25-OH vitamin D total vitamin D vitamin D,Vitamin D
RBC hematocrit WBC examination,CBC
patient laboratory results for potassium eGFR renal function,Kidney Function
patient laboratory results for total vitamin D vitamin D 25-OH vitamin D,Vitamin D
free T3 T4 TSH T3 free T4 thyroid stimulating hormone report,Thyroid
platelet count lymphocytes WBC RBC hematocrit profile,CBC
patient report containing T4 free T4 T3 TSH thyroid stimulating hormone free T3,Thyroid
25-OH vitamin D vitamin D total vitamin D 25-OH D vitamin D3 profile,Vitamin D
VLDL LDL cholesterol total cholesterol triglycerides HDL cholesterol non HDL cholesterol report,Lipid Profile
hemoglobin platelet count MCV hematocrit neutrophils MCHC report,CBC
glucose level postprandial glucose HbA1c test,Diabetes HbA1c
HDL cholesterol non HDL cholesterol total cholesterol test,Lipid Profile
iron saturation TIBC ferritin test,Iron Profile
medical report showing fasting blood sugar blood glucose HbA1c postprandial glucose PPBS,Diabetes HbA1c
urine protein urine glucose urine WBC urine color urine pH urine ketones parameters were tested,Urine Routine
medical report showing transferrin saturation UIBC ferritin transferrin,Iron Profile
patient report containing cobalamin cobalamin level serum B12,Vitamin B12
vitamin D3 25-OH D 25-OH vitamin D report,Vitamin D
results for WBC platelet count lymphocytes neutrophils RBC,CBC
laboratory test with AST bilirubin SGPT,Liver Function
patient report containing creatinine renal function potassium sodium urea,Kidney Function
medical report showing LDL cholesterol HDL cholesterol triglycerides non HDL cholesterol VLDL total cholesterol,Lipid Profile
blood test including TSH T4 thyroid stimulating hormone T3 free T3 free T4,Thyroid
triglycerides HDL cholesterol LDL cholesterol VLDL profile,Lipid Profile
patient report containing free T3 T3 free T4 thyroid stimulating hormone,Thyroid
T4 free T3 T3 free T4 thyroid stimulating hormone examination,Thyroid
vitamin B12 vitamin B12 level serum B12 B12 examination,Vitamin B12
patient laboratory results for 25-OH vitamin D total vitamin D vitamin D3 25-OH D vitamin D 25 hydroxy vitamin D,Vitamin D
alkaline phosphatase albumin AST globulin SGPT parameters were tested,Liver Function
patient laboratory results for total vitamin D 25-OH D 25 hydroxy vitamin D,Vitamin D
medical report showing vitamin B12 serum B12 cobalamin,Vitamin B12
PPBS postprandial glucose hemoglobin A1c fasting blood sugar examination,Diabetes HbA1c
thyroid stimulating hormone free T4 T3 T4 free T3 TSH examination,Thyroid
medical report showing albumin AST globulin,Liver Function
blood test including sodium creatinine renal function,Kidney Function
urine pH urine ketones urine protein urine color specific gravity laboratory report,Urine Routine
laboratory test with T3 free T4 free T3 T4,Thyroid
results for uric acid renal function potassium,Kidney Function
results for total protein AST ALT,Liver Function
patient laboratory results for 25 hydroxy vitamin D total vitamin D vitamin D,Vitamin D
laboratory test with urea BUN renal function sodium potassium uric acid,Kidney Function
medical report showing vitamin D total vitamin D 25-OH vitamin D 25-OH D,Vitamin D
25-OH vitamin D vitamin D3 25-OH D report,Vitamin D
medical report showing FBS PPBS HbA1c,Diabetes HbA1c
FBS fasting glucose blood glucose profile,Diabetes HbA1c
HDL cholesterol total cholesterol VLDL LDL cholesterol non HDL cholesterol examination,Lipid Profile
laboratory test with eGFR potassium renal function,Kidney Function
transferrin saturation UIBC TIBC examination,Iron Profile
medical report showing triglycerides VLDL non HDL cholesterol LDL cholesterol total cholesterol,Lipid Profile
laboratory test with TSH free T4 T4 free T3 thyroid stimulating hormone,Thyroid
patient laboratory results for creatinine eGFR renal function BUN sodium urea,Kidney Function
renal function urea potassium uric acid examination,Kidney Function
FBS HbA1c fasting glucose hemoglobin A1c glucose level report,Diabetes HbA1c
medical report showing free T4 thyroid stimulating hormone TSH,Thyroid
results for UIBC transferrin saturation transferrin serum iron ferritin TIBC,Iron Profile
ferritin transferrin serum iron UIBC parameters were tested,Iron Profile
iron saturation serum iron TIBC UIBC transferrin saturation examination,Iron Profile
ferritin UIBC transferrin saturation transferrin TIBC iron saturation laboratory report,Iron Profile
vitamin B12 level vitamin B12 serum B12 cobalamin parameters were tested,Vitamin B12
vitamin D 25-OH vitamin D 25 hydroxy vitamin D total vitamin D report,Vitamin D
results for cobalamin level vitamin B12 level vitamin B12 cobalamin,Vitamin B12
vitamin B12 vitamin B12 level serum B12 cobalamin level B12 cobalamin profile,Vitamin B12
patient report containing total vitamin D 25 hydroxy vitamin D vitamin D 25-OH D 25-OH vitamin D vitamin D3,Vitamin D
T3 T4 TSH thyroid stimulating hormone examination,Thyroid
laboratory test with RBC WBC hematocrit MCHC MCV MCH,CBC
FBS postprandial glucose PPBS fasting glucose glucose level blood glucose report,Diabetes HbA1c
laboratory test with thyroid stimulating hormone T4 free T3 T3 free T4,Thyroid
results for total vitamin D vitamin D3 25-OH D 25 hydroxy vitamin D vitamin D,Vitamin D
urea BUN uric acid renal function sodium creatinine profile,Kidney Function
patient laboratory results for transferrin saturation ferritin transferrin,Iron Profile
MCH hematocrit hemoglobin report,CBC
patient laboratory results for WBC platelet count hematocrit MCH MCV MCHC,CBC
laboratory test with fasting blood sugar HbA1c fasting glucose,Diabetes HbA1c
T4 T3 TSH free T3 thyroid stimulating hormone free T4 examination,Thyroid
cobalamin vitamin B12 vitamin B12 level cobalamin level serum B12 B12 examination,Vitamin B12
patient report containing T4 free T3 T3 TSH free T4,Thyroid
25 hydroxy vitamin D total vitamin D 25-OH vitamin D vitamin D3 vitamin D 25-OH D laboratory report,Vitamin D
alkaline phosphatase AST globulin test,Liver Function
vitamin B12 B12 cobalamin profile,Vitamin B12
patient report containing triglycerides VLDL non HDL cholesterol total cholesterol HDL cholesterol,Lipid Profile
results for total cholesterol HDL cholesterol VLDL,Lipid Profile
blood glucose fasting glucose HbA1c PPBS glucose level test,Diabetes HbA1c
T4 TSH thyroid stimulating hormone free T3 test,Thyroid
blood test including free T3 T3 T4 TSH free T4 thyroid stimulating hormone,Thyroid
urine color specific gravity urine WBC urine bilirubin urine protein examination,Urine Routine
patient laboratory results for total protein bilirubin albumin alkaline phosphatase SGPT,Liver Function
patient laboratory results for UIBC ferritin serum iron TIBC,Iron Profile
patient laboratory results for TIBC transferrin saturation transferrin iron saturation,Iron Profile
iron saturation TIBC ferritin transferrin UIBC report,Iron Profile
BUN creatinine eGFR examination,Kidney Function
MCH hematocrit hemoglobin examination,CBC
HbA1c hemoglobin A1c FBS postprandial glucose fasting blood sugar examination,Diabetes HbA1c
hematocrit MCHC platelet count MCH test,CBC
uric acid renal function creatinine BUN eGFR profile,Kidney Function
laboratory test with platelet count WBC MCH lymphocytes,CBC
urine protein urine color urine pH urine WBC urine ketones urine RBC laboratory report,Urine Routine
results for 25-OH D total vitamin D 25 hydroxy vitamin D,Vitamin D
results for TSH T4 T3 thyroid stimulating hormone free T4,Thyroid
25-OH vitamin D total vitamin D vitamin D3 vitamin D examination,Vitamin D
patient report containing urine ketones urine appearance urine WBC,Urine Routine
results for blood glucose HbA1c FBS fasting blood sugar postprandial glucose fasting glucose,Diabetes HbA1c
results for fasting glucose glucose level FBS HbA1c fasting blood sugar postprandial glucose,Diabetes HbA1c
B12 cobalamin level vitamin B12 vitamin B12 level cobalamin report,Vitamin B12
patient report containing urine RBC urine glucose urine WBC urine appearance urine protein urine ketones,Urine Routine
SGOT albumin total protein parameters were tested,Liver Function
LDL cholesterol triglycerides non HDL cholesterol parameters were tested,Lipid Profile
medical report showing blood glucose PPBS FBS,Diabetes HbA1c
blood test including hematocrit MCH MCV platelet count,CBC
results for 25-OH D 25-OH vitamin D 25 hydroxy vitamin D vitamin D vitamin D3,Vitamin D
medical report showing vitamin D3 vitamin D 25 hydroxy vitamin D 25-OH vitamin D total vitamin D,Vitamin D
urine RBC urine glucose urine color urine appearance urine pH urine WBC laboratory report,Urine Routine
free T3 free T4 T4 profile,Thyroid
patient report containing WBC MCHC MCV hematocrit,CBC
UIBC ferritin TIBC transferrin iron saturation laboratory report,Iron Profile
fasting blood sugar blood glucose postprandial glucose FBS hemoglobin A1c profile,Diabetes HbA1c
25-OH D total vitamin D vitamin D3 test,Vitamin D
patient laboratory results for vitamin B12 serum B12 vitamin B12 level cobalamin B12,Vitamin B12
thyroid stimulating hormone TSH T4 T3 profile,Thyroid
patient laboratory results for total protein SGOT bilirubin AST globulin SGPT,Liver Function
laboratory test with T3 thyroid stimulating hormone T4,Thyroid
medical report showing fasting blood sugar FBS hemoglobin A1c,Diabetes HbA1c
FBS hemoglobin A1c glucose level blood glucose profile,Diabetes HbA1c
patient laboratory results for bilirubin ALT alkaline phosphatase SGPT,Liver Function
BUN uric acid eGFR potassium creatinine parameters were tested,Kidney Function
medical report showing potassium sodium renal function,Kidney Function
patient report containing non HDL cholesterol HDL cholesterol VLDL total cholesterol LDL cholesterol,Lipid Profile
sodium eGFR urea uric acid parameters were tested,Kidney Function
patient report containing urine RBC urine bilirubin urine WBC specific gravity urine ketones,Urine Routine
B12 cobalamin cobalamin level vitamin B12 level serum B12 test,Vitamin B12
laboratory test with glucose level fasting blood sugar fasting glucose,Diabetes HbA1c
ferritin serum iron UIBC TIBC transferrin saturation profile,Iron Profile
serum iron TIBC transferrin saturation transferrin ferritin profile,Iron Profile
cobalamin level serum B12 B12 vitamin B12 level vitamin B12 laboratory report,Vitamin B12
TSH free T3 free T4 T3 thyroid stimulating hormone examination,Thyroid
laboratory test with 25 hydroxy vitamin D 25-OH D 25-OH vitamin D vitamin D total vitamin D vitamin D3,Vitamin D
patient report containing HbA1c glucose level postprandial glucose fasting blood sugar,Diabetes HbA1c
MCV WBC lymphocytes hemoglobin platelet count MCHC test,CBC
transferrin saturation ferritin UIBC TIBC transferrin iron saturation report,Iron Profile
ALT SGOT alkaline phosphatase parameters were tested,Liver Function
hemoglobin A1c FBS postprandial glucose report,Diabetes HbA1c
PPBS fasting blood sugar FBS postprandial glucose fasting glucose blood glucose test,Diabetes HbA1c
patient report containing T4 T3 thyroid stimulating hormone free T4 TSH,Thyroid
free T3 T3 free T4 T4 thyroid stimulating hormone TSH report,Thyroid
HbA1c FBS blood glucose glucose level hemoglobin A1c PPBS report,Diabetes HbA1c
total vitamin D vitamin D3 25 hydroxy vitamin D 25-OH D 25-OH vitamin D examination,Vitamin D
results for cobalamin level cobalamin B12,Vitamin B12
medical report showing UIBC iron saturation ferritin serum iron transferrin transferrin saturation,Iron Profile
T3 free T3 T4 profile,Thyroid
results for vitamin B12 level cobalamin cobalamin level vitamin B12 B12,Vitamin B12
blood test including TSH free T3 free T4 T4 T3,Thyroid
blood test including creatinine sodium urea uric acid potassium,Kidney Function
patient laboratory results for urea BUN renal function potassium sodium eGFR,Kidney Function
bilirubin SGOT alkaline phosphatase albumin AST examination,Liver Function
patient report containing total cholesterol LDL cholesterol HDL cholesterol non HDL cholesterol VLDL,Lipid Profile
patient laboratory results for hematocrit neutrophils RBC WBC platelet count MCV,CBC
cobalamin level serum B12 vitamin B12 cobalamin vitamin B12 level B12 examination,Vitamin B12
patient laboratory results for ALT AST globulin bilirubin SGOT,Liver Function
VLDL LDL cholesterol non HDL cholesterol HDL cholesterol triglycerides total cholesterol laboratory report,Lipid Profile
lymphocytes MCV RBC test,CBC
hemoglobin A1c postprandial glucose fasting glucose HbA1c PPBS glucose level laboratory report,Diabetes HbA1c
laboratory test with cobalamin level vitamin B12 level vitamin B12 B12,Vitamin B12
medical report showing TIBC transferrin ferritin transferrin saturation,Iron Profile
total vitamin D 25-OH vitamin D vitamin D 25-OH D vitamin D3 report,Vitamin D
patient report containing albumin total protein ALT bilirubin SGPT globulin,Liver Function
hemoglobin hematocrit MCV MCH report,CBC
vitamin D 25 hydroxy vitamin D total vitamin D parameters were tested,Vitamin D
T4 free T3 free T4 T3 TSH parameters were tested,Thyroid
TIBC UIBC serum iron iron saturation profile,Iron Profile
medical report showing specific gravity urine bilirubin urine pH urine ketones urine protein,Urine Routine
non HDL cholesterol LDL cholesterol VLDL test,Lipid Profile
hemoglobin MCH MCV test,CBC
medical report showing urine pH urine RBC specific gravity urine glucose,Urine Routine
results for urea eGFR potassium uric acid,Kidney Function
patient report containing urine RBC urine ketones specific gravity urine glucose,Urine Routine
laboratory test with transferrin serum iron transferrin saturation TIBC UIBC ferritin,Iron Profile
free T3 T3 free T4 TSH thyroid stimulating hormone T4 profile,Thyroid
transferrin saturation serum iron iron saturation ferritin report,Iron Profile
sodium eGFR potassium renal function report,Kidney Function
blood test including RBC platelet count WBC MCH,CBC
T3 thyroid stimulating hormone free T4 TSH T4 free T3 examination,Thyroid
laboratory test with SGPT albumin AST SGOT,Liver Function
renal function uric acid urea potassium sodium BUN laboratory report,Kidney Function
sodium uric acid renal function potassium creatinine urea laboratory report,Kidney Function
urine color urine WBC urine ketones urine pH urine RBC test,Urine Routine
patient laboratory results for B12 vitamin B12 serum B12 vitamin B12 level cobalamin level,Vitamin B12
uric acid sodium potassium creatinine parameters were tested,Kidney Function
globulin total protein ALT test,Liver Function
blood test including blood glucose PPBS postprandial glucose,Diabetes HbA1c
T4 thyroid stimulating hormone free T3 free T4 report,Thyroid
medical report showing cobalamin vitamin B12 vitamin B12 level cobalamin level,Vitamin B12
patient report containing renal function sodium BUN uric acid,Kidney Function
neutrophils hemoglobin platelet count lymphocytes WBC parameters were tested,CBC
laboratory test with SGOT bilirubin total protein alkaline phosphatase,Liver Function
patient report containing urine protein urine appearance specific gravity urine ketones urine bilirubin urine RBC,Urine Routine
thyroid stimulating hormone TSH T4 free T4 free T3 T3 test,Thyroid
urea BUN creatinine eGFR sodium laboratory report,Kidney Function
blood test including urine RBC urine color urine appearance urine protein specific gravity urine pH,Urine Routine
neutrophils WBC RBC lymphocytes MCH profile,CBC
T4 free T4 thyroid stimulating hormone T3 parameters were tested,Thyroid
UIBC transferrin serum iron TIBC ferritin transferrin saturation report,Iron Profile
urine protein specific gravity urine color urine pH urine glucose examination,Urine Routine
results for uric acid urea sodium BUN,Kidney Function
ALT albumin AST report,Liver Function
vitamin D vitamin D3 25-OH D 25-OH vitamin D 25 hydroxy vitamin D total vitamin D laboratory report,Vitamin D
patient report containing 25-OH vitamin D 25 hydroxy vitamin D 25-OH D vitamin D,Vitamin D
lymphocytes RBC platelet count laboratory report,CBC
blood test including HDL cholesterol non HDL cholesterol triglycerides total cholesterol LDL cholesterol,Lipid Profile
blood test including LDL cholesterol total cholesterol VLDL non HDL cholesterol HDL cholesterol triglycerides,Lipid Profile
results for PPBS blood glucose fasting blood sugar FBS,Diabetes HbA1c
blood test including fasting glucose PPBS glucose level fasting blood sugar blood glucose,Diabetes HbA1c
serum B12 vitamin B12 cobalamin B12 profile,Vitamin B12
medical report showing eGFR sodium potassium BUN urea uric acid,Kidney Function
cobalamin B12 vitamin B12 serum B12 report,Vitamin B12
results for urine appearance urine color urine protein urine ketones urine RBC urine glucose,Urine Routine
creatinine renal function sodium BUN urea examination,Kidney Function
T3 free T4 thyroid stimulating hormone T4 free T3 TSH parameters were tested,Thyroid
patient report containing MCH RBC WBC platelet count,CBC
free T3 thyroid stimulating hormone TSH T3 free T4 parameters were tested,Thyroid
serum iron TIBC UIBC ferritin transferrin saturation iron saturation test,Iron Profile
medical report showing triglycerides LDL cholesterol non HDL cholesterol VLDL HDL cholesterol total cholesterol,Lipid Profile
HDL cholesterol LDL cholesterol VLDL triglycerides total cholesterol parameters were tested,Lipid Profile
medical report showing urine bilirubin urine color urine appearance,Urine Routine
laboratory test with PPBS HbA1c postprandial glucose glucose level FBS,Diabetes HbA1c
alkaline phosphatase total protein AST globulin bilirubin albumin test,Liver Function
25 hydroxy vitamin D 25-OH D vitamin D3 vitamin D test,Vitamin D
HbA1c blood glucose PPBS glucose level postprandial glucose laboratory report,Diabetes HbA1c
laboratory test with eGFR uric acid renal function,Kidney Function
cobalamin serum B12 B12 vitamin B12 vitamin B12 level report,Vitamin B12
renal function potassium urea creatinine BUN examination,Kidney Function
patient laboratory results for vitamin D 25-OH D 25 hydroxy vitamin D vitamin D3,Vitamin D
25 hydroxy vitamin D 25-OH D total vitamin D test,Vitamin D
transferrin ferritin iron saturation UIBC profile,Iron Profile
urine RBC urine WBC urine glucose urine appearance urine ketones profile,Urine Routine
ALT total protein globulin SGPT alkaline phosphatase parameters were tested,Liver Function
blood test including RBC MCV lymphocytes hematocrit,CBC
results for HDL cholesterol non HDL cholesterol triglycerides total cholesterol,Lipid Profile
patient report containing vitamin D3 total vitamin D 25-OH vitamin D vitamin D 25-OH D 25 hydroxy vitamin D,Vitamin D
25-OH D 25-OH vitamin D total vitamin D vitamin D 25 hydroxy vitamin D vitamin D3 test,Vitamin D
B12 vitamin B12 level serum B12 vitamin B12 cobalamin cobalamin level report,Vitamin B12
medical report showing HDL cholesterol total cholesterol non HDL cholesterol LDL cholesterol,Lipid Profile
blood test including alkaline phosphatase bilirubin total protein,Liver Function
SGPT total protein SGOT test,Liver Function
blood test including non HDL cholesterol total cholesterol VLDL LDL cholesterol,Lipid Profile
laboratory test with T4 TSH free T4 free T3,Thyroid
results for 25-OH vitamin D 25-OH D vitamin D3,Vitamin D
transferrin saturation UIBC transferrin parameters were tested,Iron Profile
patient report containing fasting blood sugar FBS glucose level hemoglobin A1c,Diabetes HbA1c
results for urine bilirubin urine WBC specific gravity urine appearance,Urine Routine
hematocrit MCH neutrophils lymphocytes MCV parameters were tested,CBC
patient report containing fasting blood sugar HbA1c postprandial glucose glucose level blood glucose FBS,Diabetes HbA1c
medical report showing fasting glucose hemoglobin A1c fasting blood sugar FBS HbA1c,Diabetes HbA1c
blood test including fasting glucose postprandial glucose fasting blood sugar PPBS,Diabetes HbA1c
urine RBC urine bilirubin urine WBC report,Urine Routine
medical report showing vitamin D3 vitamin D total vitamin D 25 hydroxy vitamin D 25-OH D 25-OH vitamin D,Vitamin D
eGFR urea uric acid creatinine potassium profile,Kidney Function
blood test including urine ketones urine WBC urine appearance urine pH urine glucose,Urine Routine
thyroid stimulating hormone TSH T3 parameters were tested,Thyroid
hemoglobin hematocrit neutrophils MCH MCHC examination,CBC
FBS postprandial glucose fasting glucose PPBS parameters were tested,Diabetes HbA1c
B12 vitamin B12 serum B12 profile,Vitamin B12
urine ketones specific gravity urine color urine WBC report,Urine Routine
laboratory test with eGFR potassium urea uric acid,Kidney Function
SGPT albumin ALT total protein globulin alkaline phosphatase laboratory report,Liver Function
laboratory test with uric acid sodium urea,Kidney Function
patient laboratory results for 25 hydroxy vitamin D 25-OH D vitamin D3 vitamin D,Vitamin D
patient laboratory results for 25-OH D 25-OH vitamin D vitamin D,Vitamin D
medical report showing vitamin B12 vitamin B12 level serum B12 cobalamin level cobalamin,Vitamin B12
results for 25-OH vitamin D total vitamin D 25 hydroxy vitamin D vitamin D 25-OH D vitamin D3,Vitamin D
patient laboratory results for globulin ALT albumin,Liver Function
AST total protein bilirubin SGOT globulin albumin parameters were tested,Liver Function
blood test including postprandial glucose fasting blood sugar PPBS fasting glucose blood glucose,Diabetes HbA1c
laboratory test with postprandial glucose PPBS fasting blood sugar HbA1c FBS blood glucose,Diabetes HbA1c
patient report containing free T4 T3 TSH T4,Thyroid
AST globulin SGPT total protein albumin report,Liver Function
medical report showing BUN potassium eGFR creatinine,Kidney Function
urine appearance specific gravity urine protein urine pH urine WBC profile,Urine Routine
blood test including cobalamin cobalamin level vitamin B12 level B12 vitamin B12,Vitamin B12
laboratory test with TIBC transferrin saturation ferritin serum iron iron saturation transferrin,Iron Profile
medical report showing postprandial glucose fasting blood sugar PPBS blood glucose glucose level,Diabetes HbA1c
urea creatinine potassium eGFR examination,Kidney Function
WBC hematocrit platelet count profile,CBC
uric acid renal function potassium sodium urea profile,Kidney Function
serum B12 cobalamin level cobalamin vitamin B12 level B12 vitamin B12 profile,Vitamin B12
PPBS glucose level fasting glucose parameters were tested,Diabetes HbA1c
results for T3 T4 TSH free T4,Thyroid
medical report showing hematocrit lymphocytes platelet count hemoglobin MCV,CBC
blood test including eGFR sodium BUN,Kidney Function
urine WBC urine glucose specific gravity urine bilirubin parameters were tested,Urine Routine
urea BUN sodium creatinine profile,Kidney Function
blood test including non HDL cholesterol LDL cholesterol total cholesterol triglycerides,Lipid Profile
patient laboratory results for triglycerides VLDL total cholesterol,Lipid Profile
laboratory test with urea BUN sodium,Kidney Function
T3 thyroid stimulating hormone free T3 free T4 T4 TSH test,Thyroid
blood test including T3 free T4 thyroid stimulating hormone T4 free T3 TSH,Thyroid
free T4 T3 thyroid stimulating hormone T4 parameters were tested,Thyroid
MCH WBC platelet count hematocrit examination,CBC
25 hydroxy vitamin D 25-OH vitamin D vitamin D3 25-OH D vitamin D total vitamin D examination,Vitamin D
vitamin B12 cobalamin level B12 serum B12 vitamin B12 level cobalamin test,Vitamin B12
TSH T4 thyroid stimulating hormone free T3 T3 test,Thyroid
medical report showing T3 thyroid stimulating hormone T4 free T4 TSH,Thyroid
creatinine potassium urea eGFR uric acid report,Kidney Function
patient report containing 25-OH vitamin D vitamin D3 vitamin D 25 hydroxy vitamin D,Vitamin D
patient laboratory results for urine protein urine bilirubin urine color urine appearance,Urine Routine
laboratory test with lymphocytes hematocrit hemoglobin MCH WBC platelet count,CBC
results for glucose level hemoglobin A1c FBS,Diabetes HbA1c
patient report containing serum B12 B12 vitamin B12 cobalamin level cobalamin vitamin B12 level,Vitamin B12
HDL cholesterol triglycerides total cholesterol non HDL cholesterol VLDL report,Lipid Profile
results for transferrin TIBC iron saturation,Iron Profile
patient report containing urine glucose specific gravity urine appearance urine WBC urine ketones urine color,Urine Routine
SGPT globulin bilirubin test,Liver Function
results for hemoglobin A1c fasting blood sugar postprandial glucose PPBS blood glucose FBS,Diabetes HbA1c
blood test including fasting blood sugar fasting glucose HbA1c FBS,Diabetes HbA1c
patient report containing free T3 TSH thyroid stimulating hormone free T4 T4,Thyroid
laboratory test with vitamin B12 B12 cobalamin level,Vitamin B12
VLDL non HDL cholesterol total cholesterol LDL cholesterol triglycerides examination,Lipid Profile
patient laboratory results for vitamin D3 25-OH D vitamin D 25-OH vitamin D 25 hydroxy vitamin D,Vitamin D
results for TIBC serum iron transferrin saturation transferrin UIBC iron saturation,Iron Profile
patient report containing triglycerides HDL cholesterol VLDL total cholesterol LDL cholesterol,Lipid Profile
results for MCHC WBC RBC,CBC
patient laboratory results for fasting glucose glucose level hemoglobin A1c,Diabetes HbA1c
total vitamin D 25-OH vitamin D vitamin D vitamin D3 25 hydroxy vitamin D report,Vitamin D
medical report showing AST total protein globulin,Liver Function
blood test including MCHC WBC neutrophils,CBC
serum iron iron saturation TIBC UIBC laboratory report,Iron Profile
patient laboratory results for sodium potassium BUN eGFR creatinine uric acid,Kidney Function
medical report showing T4 T3 free T3 thyroid stimulating hormone TSH,Thyroid
laboratory test with 25 hydroxy vitamin D vitamin D 25-OH vitamin D 25-OH D vitamin D3,Vitamin D
medical report showing glucose level fasting glucose PPBS fasting blood sugar,Diabetes HbA1c
FBS fasting glucose postprandial glucose hemoglobin A1c HbA1c blood glucose parameters were tested,Diabetes HbA1c
patient laboratory results for SGOT SGPT AST albumin,Liver Function
free T4 T4 thyroid stimulating hormone TSH T3 examination,Thyroid
renal function urea uric acid eGFR BUN sodium report,Kidney Function
laboratory test with HDL cholesterol VLDL triglycerides,Lipid Profile
SGPT bilirubin globulin laboratory report,Liver Function
LDL cholesterol VLDL non HDL cholesterol total cholesterol profile,Lipid Profile
patient report containing neutrophils hemoglobin WBC MCV hematocrit,CBC
patient report containing eGFR BUN urea,Kidney Function
patient laboratory results for MCV MCH neutrophils platelet count lymphocytes hemoglobin,CBC
medical report showing free T4 TSH T4 T3 thyroid stimulating hormone free T3,Thyroid
B12 vitamin B12 level vitamin B12 cobalamin level cobalamin examination,Vitamin B12
T3 free T3 free T4 thyroid stimulating hormone TSH laboratory report,Thyroid
blood test including specific gravity urine ketones urine pH,Urine Routine
results for AST ALT globulin SGOT albumin,Liver Function
thyroid stimulating hormone T4 free T3 TSH T3 free T4 report,Thyroid
total protein AST albumin SGOT bilirubin ALT report,Liver Function
blood test including creatinine potassium sodium eGFR,Kidney Function
urine protein urine color urine glucose urine pH examination,Urine Routine
laboratory test with glucose level hemoglobin A1c blood glucose,Diabetes HbA1c
patient laboratory results for FBS glucose level blood glucose fasting glucose postprandial glucose,Diabetes HbA1c
triglycerides VLDL HDL cholesterol non HDL cholesterol LDL cholesterol total cholesterol profile,Lipid Profile
transferrin serum iron UIBC TIBC profile,Iron Profile
patient report containing fasting glucose HbA1c PPBS FBS hemoglobin A1c fasting blood sugar,Diabetes HbA1c
laboratory test with eGFR potassium BUN renal function,Kidney Function
patient laboratory results for cobalamin level vitamin B12 level vitamin B12 cobalamin B12 serum B12,Vitamin B12
SGOT SGPT globulin AST test,Liver Function
blood test including RBC MCHC neutrophils lymphocytes MCH hematocrit,CBC
T3 TSH T4 free T4 free T3 test,Thyroid
free T4 T4 free T3 TSH T3 parameters were tested,Thyroid
patient report containing 25-OH vitamin D total vitamin D 25 hydroxy vitamin D 25-OH D,Vitamin D
results for eGFR potassium urea uric acid sodium,Kidney Function
blood test including BUN potassium creatinine renal function urea,Kidney Function
serum iron transferrin saturation transferrin ferritin UIBC parameters were tested,Iron Profile
bilirubin SGOT alkaline phosphatase SGPT globulin total protein test,Liver Function
medical report showing urine glucose urine ketones urine protein urine RBC urine bilirubin,Urine Routine
patient laboratory results for WBC hemoglobin lymphocytes MCHC MCV MCH,CBC
platelet count WBC MCH examination,CBC
25-OH vitamin D 25 hydroxy vitamin D total vitamin D vitamin D 25-OH D vitamin D3 test,Vitamin D
medical report showing 25-OH vitamin D vitamin D3 25-OH D vitamin D 25 hydroxy vitamin D,Vitamin D
urine color urine glucose specific gravity urine pH urine protein urine WBC parameters were tested,Urine Routine
results for free T3 TSH T3 thyroid stimulating hormone free T4,Thyroid
free T3 T3 T4 free T4 TSH thyroid stimulating hormone profile,Thyroid
patient report containing urine WBC urine bilirubin specific gravity urine appearance urine pH,Urine Routine
laboratory test with platelet count hemoglobin neutrophils,CBC
fasting glucose hemoglobin A1c glucose level PPBS test,Diabetes HbA1c
patient laboratory results for TSH T3 free T3 T4 free T4,Thyroid
urine appearance urine glucose urine WBC profile,Urine Routine
medical report showing vitamin B12 B12 cobalamin level vitamin B12 level,Vitamin B12
patient laboratory results for creatinine potassium sodium renal function eGFR uric acid,Kidney Function
patient report containing neutrophils MCV WBC MCH platelet count hemoglobin,CBC
LDL cholesterol HDL cholesterol VLDL triglycerides parameters were tested,Lipid Profile
total protein globulin AST profile,Liver Function
blood test including B12 serum B12 vitamin B12 cobalamin level cobalamin vitamin B12 level,Vitamin B12
cobalamin B12 cobalamin level vitamin B12 serum B12 vitamin B12 level examination,Vitamin B12
urine appearance urine pH urine protein urine color urine WBC examination,Urine Routine
urine ketones specific gravity urine appearance urine protein examination,Urine Routine
AST SGPT SGOT bilirubin total protein albumin test,Liver Function
patient laboratory results for urine pH urine WBC urine glucose,Urine Routine
FBS postprandial glucose fasting glucose hemoglobin A1c parameters were tested,Diabetes HbA1c
results for ALT AST total protein,Liver Function
MCH RBC MCHC hemoglobin WBC hematocrit examination,CBC
25 hydroxy vitamin D vitamin D vitamin D3 25-OH D 25-OH vitamin D total vitamin D report,Vitamin D
patient report containing fasting glucose fasting blood sugar postprandial glucose PPBS,Diabetes HbA1c
lymphocytes MCH neutrophils RBC WBC laboratory report,CBC
transferrin saturation serum iron transferrin TIBC laboratory report,Iron Profile
laboratory test with fasting blood sugar fasting glucose blood glucose FBS hemoglobin A1c postprandial glucose,Diabetes HbA1c
urine glucose urine appearance specific gravity parameters were tested,Urine Routine
globulin SGPT bilirubin albumin total protein SGOT profile,Liver Function
medical report showing serum iron transferrin UIBC TIBC iron saturation ferritin,Iron Profile
sodium renal function potassium eGFR urea BUN examination,Kidney Function
B12 cobalamin serum B12 cobalamin level report,Vitamin B12
PPBS blood glucose fasting blood sugar glucose level postprandial glucose test,Diabetes HbA1c
patient report containing serum B12 vitamin B12 level cobalamin level vitamin B12,Vitamin B12
transferrin ferritin UIBC laboratory report,Iron Profile
patient report containing T4 thyroid stimulating hormone TSH,Thyroid
medical report showing urine glucose urine pH urine WBC,Urine Routine
HDL cholesterol triglycerides LDL cholesterol non HDL cholesterol total cholesterol VLDL examination,Lipid Profile
patient report containing sodium BUN uric acid,Kidney Function
patient report containing cobalamin level vitamin B12 cobalamin vitamin B12 level B12 serum B12,Vitamin B12
total cholesterol non HDL cholesterol triglycerides LDL cholesterol HDL cholesterol laboratory report,Lipid Profile
patient laboratory results for neutrophils RBC lymphocytes,CBC
serum B12 cobalamin level vitamin B12 level cobalamin B12 vitamin B12 examination,Vitamin B12
total protein bilirubin globulin albumin report,Liver Function
blood test including urine appearance urine RBC urine ketones,Urine Routine
patient report containing vitamin D 25-OH vitamin D 25-OH D vitamin D3,Vitamin D
laboratory test with non HDL cholesterol triglycerides LDL cholesterol total cholesterol HDL cholesterol VLDL,Lipid Profile
platelet count lymphocytes MCHC WBC profile,CBC
creatinine uric acid urea renal function laboratory report,Kidney Function
FBS glucose level HbA1c PPBS fasting blood sugar report,Diabetes HbA1c
25 hydroxy vitamin D 25-OH vitamin D 25-OH D laboratory report,Vitamin D
laboratory test with bilirubin alkaline phosphatase AST total protein,Liver Function
serum B12 vitamin B12 level vitamin B12 cobalamin level profile,Vitamin B12
urine ketones urine bilirubin specific gravity report,Urine Routine
potassium urea uric acid BUN parameters were tested,Kidney Function
urine bilirubin urine pH specific gravity urine ketones urine appearance profile,Urine Routine
urea sodium uric acid BUN renal function eGFR test,Kidney Function
blood test including serum B12 cobalamin level B12 vitamin B12 level cobalamin,Vitamin B12
patient laboratory results for 25-OH vitamin D vitamin D vitamin D3,Vitamin D
medical report showing blood glucose FBS glucose level postprandial glucose fasting blood sugar fasting glucose,Diabetes HbA1c
laboratory test with TIBC UIBC transferrin,Iron Profile
iron saturation serum iron TIBC UIBC transferrin saturation ferritin test,Iron Profile
patient laboratory results for vitamin B12 cobalamin B12 cobalamin level serum B12,Vitamin B12
25-OH vitamin D 25 hydroxy vitamin D 25-OH D vitamin D3 profile,Vitamin D
urine WBC specific gravity urine bilirubin test,Urine Routine
T4 free T3 thyroid stimulating hormone T3 TSH examination,Thyroid
serum B12 vitamin B12 level cobalamin level report,Vitamin B12
patient laboratory results for lymphocytes MCH WBC neutrophils RBC,CBC
laboratory test with free T4 thyroid stimulating hormone TSH free T3 T3,Thyroid
results for blood glucose postprandial glucose fasting glucose hemoglobin A1c,Diabetes HbA1c
blood test including T4 free T3 free T4 thyroid stimulating hormone T3,Thyroid
patient report containing cobalamin cobalamin level B12,Vitamin B12
T4 TSH free T3 thyroid stimulating hormone free T4 parameters were tested,Thyroid
free T3 T4 T3 TSH free T4 laboratory report,Thyroid
blood test including WBC hematocrit MCH RBC,CBC
urine appearance urine WBC urine RBC specific gravity urine protein urine bilirubin examination,Urine Routine
laboratory test with cobalamin B12 cobalamin level vitamin B12 serum B12,Vitamin B12
patient laboratory results for globulin AST bilirubin total protein albumin,Liver Function
blood test including fasting blood sugar hemoglobin A1c blood glucose FBS,Diabetes HbA1c
patient laboratory results for 25-OH vitamin D total vitamin D vitamin D3 25 hydroxy vitamin D,Vitamin D
vitamin B12 B12 serum B12 cobalamin report,Vitamin B12
MCHC hematocrit MCV WBC examination,CBC
UIBC transferrin ferritin iron saturation serum iron laboratory report,Iron Profile
results for transferrin TIBC iron saturation UIBC,Iron Profile
medical report showing AST SGPT globulin SGOT,Liver Function
medical report showing serum B12 vitamin B12 level cobalamin level vitamin B12 B12 cobalamin,Vitamin B12
medical report showing fasting blood sugar fasting glucose glucose level hemoglobin A1c,Diabetes HbA1c
patient report containing lymphocytes neutrophils hemoglobin MCV hematocrit,CBC
medical report showing MCHC neutrophils RBC platelet count,CBC
laboratory test with total protein albumin SGOT alkaline phosphatase ALT,Liver Function
specific gravity urine glucose urine bilirubin urine WBC urine pH parameters were tested,Urine Routine
LDL cholesterol HDL cholesterol triglycerides total cholesterol non HDL cholesterol test,Lipid Profile
patient report containing urine ketones urine WBC urine pH,Urine Routine
results for fasting blood sugar fasting glucose glucose level,Diabetes HbA1c
patient report containing urine color urine glucose urine RBC,Urine Routine
medical report showing lymphocytes platelet count WBC hemoglobin MCV,CBC
fasting glucose FBS postprandial glucose PPBS hemoglobin A1c blood glucose examination,Diabetes HbA1c
blood test including urine appearance urine bilirubin urine protein,Urine Routine
fasting blood sugar FBS blood glucose test,Diabetes HbA1c
laboratory test with bilirubin albumin SGPT SGOT ALT AST,Liver Function
non HDL cholesterol LDL cholesterol HDL cholesterol examination,Lipid Profile
25 hydroxy vitamin D vitamin D 25-OH D total vitamin D vitamin D3 report,Vitamin D
results for T3 free T4 T4 free T3,Thyroid
vitamin B12 B12 vitamin B12 level profile,Vitamin B12
TSH thyroid stimulating hormone T4 T3 free T3 free T4 test,Thyroid
medical report showing UIBC serum iron transferrin,Iron Profile
urine ketones urine bilirubin urine protein specific gravity examination,Urine Routine
laboratory test with renal function urea BUN potassium creatinine uric acid,Kidney Function
triglycerides non HDL cholesterol HDL cholesterol parameters were tested,Lipid Profile
blood test including cobalamin serum B12 vitamin B12,Vitamin B12
blood test including triglycerides total cholesterol non HDL cholesterol,Lipid Profile
blood test including B12 serum B12 vitamin B12 vitamin B12 level,Vitamin B12
total vitamin D vitamin D3 vitamin D 25-OH vitamin D 25 hydroxy vitamin D 25-OH D parameters were tested,Vitamin D
iron saturation UIBC transferrin saturation ferritin serum iron laboratory report,Iron Profile
results for neutrophils hematocrit MCH MCHC platelet count,CBC
total protein SGPT alkaline phosphatase bilirubin albumin report,Liver Function
results for uric acid creatinine potassium,Kidney Function
urine bilirubin urine glucose urine WBC urine pH urine color urine appearance test,Urine Routine
urine bilirubin urine WBC urine glucose urine pH examination,Urine Routine
alkaline phosphatase SGOT bilirubin laboratory report,Liver Function
patient report containing vitamin B12 level B12 vitamin B12 cobalamin,Vitamin B12
T4 thyroid stimulating hormone T3 parameters were tested,Thyroid
patient laboratory results for SGPT total protein globulin AST,Liver Function
blood test including specific gravity urine RBC urine pH urine protein urine WBC,Urine Routine
glucose level HbA1c PPBS FBS fasting glucose test,Diabetes HbA1c
results for hematocrit neutrophils RBC MCHC,CBC
patient laboratory results for cobalamin B12 vitamin B12 level,Vitamin B12
medical report showing urine pH specific gravity urine bilirubin urine appearance urine protein urine color,Urine Routine
medical report showing bilirubin AST ALT albumin SGPT total protein,Liver Function
blood test including free T3 TSH T3 thyroid stimulating hormone free T4 T4,Thyroid
results for urine RBC urine pH specific gravity urine appearance urine ketones urine WBC,Urine Routine
blood test including creatinine sodium urea,Kidney Function
25-OH D 25-OH vitamin D vitamin D total vitamin D vitamin D3 profile,Vitamin D
laboratory test with albumin ALT alkaline phosphatase bilirubin,Liver Function
blood test including vitamin D 25 hydroxy vitamin D total vitamin D 25-OH vitamin D,Vitamin D
neutrophils MCH RBC platelet count MCV test,CBC
HbA1c hemoglobin A1c fasting blood sugar postprandial glucose glucose level test,Diabetes HbA1c
results for 25-OH D vitamin D 25-OH vitamin D vitamin D3 25 hydroxy vitamin D total vitamin D,Vitamin D
medical report showing potassium eGFR BUN renal function sodium,Kidney Function
patient report containing MCHC WBC MCV,CBC
results for urea renal function eGFR uric acid sodium,Kidney Function
laboratory test with serum iron TIBC iron saturation transferrin UIBC,Iron Profile
patient report containing T4 free T4 TSH,Thyroid
blood test including MCHC lymphocytes MCV,CBC
B12 vitamin B12 level vitamin B12 report,Vitamin B12
T3 TSH free T3 thyroid stimulating hormone examination,Thyroid
triglycerides non HDL cholesterol VLDL HDL cholesterol LDL cholesterol laboratory report,Lipid Profile
patient report containing total cholesterol LDL cholesterol VLDL triglycerides non HDL cholesterol HDL cholesterol,Lipid Profile
blood test including urine color urine protein specific gravity,Urine Routine
SGPT globulin ALT report,Liver Function
RBC hematocrit hemoglobin MCV neutrophils laboratory report,CBC
25-OH D vitamin D3 vitamin D total vitamin D 25-OH vitamin D laboratory report,Vitamin D
VLDL HDL cholesterol total cholesterol triglycerides non HDL cholesterol examination,Lipid Profile
ferritin TIBC iron saturation transferrin test,Iron Profile
free T3 T4 thyroid stimulating hormone T3 free T4 parameters were tested,Thyroid
laboratory test with LDL cholesterol VLDL total cholesterol non HDL cholesterol HDL cholesterol triglycerides,Lipid Profile
medical report showing UIBC transferrin saturation serum iron iron saturation transferrin TIBC,Iron Profile
vitamin B12 vitamin B12 level B12 cobalamin level cobalamin serum B12 report,Vitamin B12
urine RBC urine color specific gravity urine appearance urine ketones examination,Urine Routine
vitamin B12 serum B12 B12 cobalamin level cobalamin vitamin B12 level examination,Vitamin B12
urine pH urine color urine glucose profile,Urine Routine
fasting glucose FBS fasting blood sugar parameters were tested,Diabetes HbA1c
medical report showing vitamin B12 level cobalamin vitamin B12,Vitamin B12
ferritin iron saturation transferrin saturation UIBC serum iron transferrin parameters were tested,Iron Profile
blood test including triglycerides LDL cholesterol total cholesterol,Lipid Profile
vitamin B12 level vitamin B12 cobalamin level serum B12 B12 cobalamin laboratory report,Vitamin B12
medical report showing TSH free T4 T4 free T3,Thyroid
results for transferrin saturation ferritin transferrin UIBC TIBC,Iron Profile
LDL cholesterol non HDL cholesterol total cholesterol triglycerides VLDL laboratory report,Lipid Profile
medical report showing eGFR potassium BUN uric acid,Kidney Function
WBC neutrophils lymphocytes hematocrit profile,CBC
lymphocytes MCH MCV hemoglobin platelet count RBC laboratory report,CBC
blood test including eGFR potassium uric acid sodium renal function,Kidney Function
specific gravity urine RBC urine pH urine glucose profile,Urine Routine
T4 TSH thyroid stimulating hormone T3 free T3 report,Thyroid
laboratory test with cobalamin level B12 serum B12 cobalamin vitamin B12 level,Vitamin B12
laboratory test with B12 serum B12 cobalamin vitamin B12 level,Vitamin B12
urine appearance urine bilirubin urine WBC urine ketones urine color examination,Urine Routine
iron saturation transferrin saturation transferrin TIBC ferritin UIBC laboratory report,Iron Profile
ferritin transferrin saturation serum iron UIBC TIBC transferrin laboratory report,Iron Profile
medical report showing UIBC transferrin saturation iron saturation transferrin serum iron,Iron Profile
results for vitamin D3 25-OH vitamin D vitamin D 25-OH D 25 hydroxy vitamin D,Vitamin D
urine glucose urine RBC specific gravity laboratory report,Urine Routine
patient report containing AST globulin SGOT total protein SGPT bilirubin,Liver Function
blood test including iron saturation transferrin saturation UIBC ferritin serum iron TIBC,Iron Profile
postprandial glucose blood glucose fasting blood sugar glucose level PPBS test,Diabetes HbA1c
B12 vitamin B12 cobalamin profile,Vitamin B12
25-OH vitamin D 25 hydroxy vitamin D vitamin D3 vitamin D parameters were tested,Vitamin D
urine RBC urine appearance urine WBC specific gravity urine bilirubin urine ketones report,Urine Routine
cobalamin cobalamin level vitamin B12 level serum B12 examination,Vitamin B12
B12 cobalamin vitamin B12 serum B12 vitamin B12 level cobalamin level examination,Vitamin B12
vitamin D3 vitamin D 25-OH vitamin D 25-OH D report,Vitamin D
renal function eGFR BUN test,Kidney Function
patient report containing urine pH urine ketones urine protein urine WBC urine RBC urine appearance,Urine Routine
laboratory test with total vitamin D 25-OH D vitamin D vitamin D3 25-OH vitamin D,Vitamin D
vitamin B12 level serum B12 cobalamin cobalamin level B12 profile,Vitamin B12
vitamin B12 cobalamin cobalamin level B12 vitamin B12 level profile,Vitamin B12
patient report containing total cholesterol non HDL cholesterol LDL cholesterol HDL cholesterol triglycerides,Lipid Profile
BUN sodium potassium laboratory report,Kidney Function
transferrin saturation TIBC serum iron ferritin transferrin iron saturation report,Iron Profile
transferrin saturation transferrin UIBC TIBC laboratory report,Iron Profile
eGFR BUN renal function profile,Kidney Function
25 hydroxy vitamin D vitamin D3 25-OH D test,Vitamin D
results for vitamin D3 25-OH D 25 hydroxy vitamin D,Vitamin D
laboratory test with T3 TSH T4 free T3,Thyroid
blood test including potassium eGFR renal function sodium creatinine uric acid,Kidney Function
laboratory test with potassium sodium urea BUN eGFR,Kidney Function
laboratory test with vitamin D3 total vitamin D 25 hydroxy vitamin D 25-OH D vitamin D,Vitamin D
TIBC ferritin transferrin saturation iron saturation parameters were tested,Iron Profile
blood test including serum iron transferrin saturation TIBC ferritin,Iron Profile
patient report containing vitamin D3 25-OH vitamin D 25 hydroxy vitamin D 25-OH D,Vitamin D
laboratory test with urine appearance urine pH urine RBC specific gravity,Urine Routine
medical report showing 25 hydroxy vitamin D vitamin D 25-OH D vitamin D3 25-OH vitamin D total vitamin D,Vitamin D
patient laboratory results for UIBC iron saturation TIBC transferrin saturation ferritin transferrin,Iron Profile
results for total vitamin D 25-OH D vitamin D3,Vitamin D
serum iron UIBC iron saturation laboratory report,Iron Profile
patient laboratory results for serum B12 B12 vitamin B12 level vitamin B12 cobalamin level,Vitamin B12
vitamin D 25-OH D 25 hydroxy vitamin D profile,Vitamin D
results for urine WBC urine color urine glucose,Urine Routine
medical report showing urine bilirubin urine glucose urine ketones,Urine Routine
blood test including cobalamin B12 cobalamin level serum B12 vitamin B12 level,Vitamin B12
blood test including urine bilirubin urine protein specific gravity urine ketones,Urine Routine
results for renal function creatinine sodium uric acid,Kidney Function
renal function BUN potassium eGFR report,Kidney Function
FBS fasting blood sugar PPBS blood glucose report,Diabetes HbA1c
medical report showing urine appearance urine protein urine pH urine glucose,Urine Routine
laboratory test with bilirubin total protein SGPT AST,Liver Function
blood test including sodium renal function creatinine BUN,Kidney Function
results for ALT SGOT globulin bilirubin albumin,Liver Function
glucose level fasting blood sugar blood glucose FBS HbA1c PPBS profile,Diabetes HbA1c
25-OH vitamin D vitamin D3 vitamin D laboratory report,Vitamin D
laboratory test with vitamin B12 level serum B12 vitamin B12,Vitamin B12
laboratory test with blood glucose HbA1c postprandial glucose fasting glucose glucose level FBS,Diabetes HbA1c
results for globulin SGOT total protein bilirubin,Liver Function
glucose level FBS fasting glucose hemoglobin A1c postprandial glucose examination,Diabetes HbA1c
bilirubin SGOT SGPT parameters were tested,Liver Function
results for glucose level fasting glucose fasting blood sugar,Diabetes HbA1c
blood test including vitamin B12 level cobalamin level B12 serum B12 vitamin B12 cobalamin,Vitamin B12
BUN uric acid potassium laboratory report,Kidney Function
urine appearance urine glucose urine bilirubin urine RBC urine pH examination,Urine Routine
laboratory test with UIBC iron saturation transferrin saturation TIBC,Iron Profile
SGPT AST globulin alkaline phosphatase test,Liver Function
cobalamin level vitamin B12 level vitamin B12 test,Vitamin B12
MCH MCV lymphocytes parameters were tested,CBC
PPBS FBS glucose level postprandial glucose hemoglobin A1c parameters were tested,Diabetes HbA1c
bilirubin total protein SGOT examination,Liver Function
25-OH D vitamin D3 total vitamin D test,Vitamin D
sodium potassium BUN eGFR uric acid renal function report,Kidney Function
free T4 T4 TSH parameters were tested,Thyroid
transferrin saturation transferrin ferritin iron saturation test,Iron Profile
vitamin B12 level vitamin B12 B12 parameters were tested,Vitamin B12
transferrin saturation serum iron iron saturation UIBC transferrin TIBC report,Iron Profile
T4 free T4 free T3 thyroid stimulating hormone laboratory report,Thyroid
UIBC ferritin TIBC iron saturation profile,Iron Profile
patient laboratory results for FBS hemoglobin A1c blood glucose PPBS fasting blood sugar postprandial glucose,Diabetes HbA1c
patient laboratory results for LDL cholesterol triglycerides non HDL cholesterol,Lipid Profile
LDL cholesterol triglycerides total cholesterol non HDL cholesterol VLDL parameters were tested,Lipid Profile
patient laboratory results for renal function uric acid creatinine potassium BUN urea,Kidney Function
T4 free T3 free T4 thyroid stimulating hormone T3 examination,Thyroid
total cholesterol non HDL cholesterol VLDL profile,Lipid Profile
uric acid BUN renal function potassium eGFR sodium laboratory report,Kidney Function
patient report containing urine RBC urine bilirubin urine ketones urine color,Urine Routine
vitamin D3 vitamin D 25 hydroxy vitamin D total vitamin D 25-OH D laboratory report,Vitamin D
FBS blood glucose PPBS profile,Diabetes HbA1c
cobalamin vitamin B12 vitamin B12 level report,Vitamin B12
medical report showing potassium BUN urea creatinine eGFR,Kidney Function
blood test including urine glucose urine color urine pH urine appearance,Urine Routine
medical report showing sodium potassium BUN renal function uric acid,Kidney Function
B12 cobalamin level cobalamin vitamin B12 serum B12 vitamin B12 level test,Vitamin B12
medical report showing TSH free T3 T3 free T4 T4 thyroid stimulating hormone,Thyroid
transferrin UIBC TIBC iron saturation examination,Iron Profile
results for uric acid potassium BUN urea sodium renal function,Kidney Function
creatinine eGFR urea report,Kidney Function
medical report showing hemoglobin hematocrit MCH RBC,CBC
patient report containing thyroid stimulating hormone free T4 T4 T3,Thyroid
patient report containing vitamin B12 level vitamin B12 serum B12 cobalamin,Vitamin B12
results for ferritin transferrin saturation transferrin serum iron TIBC,Iron Profile
ALT globulin total protein AST SGPT alkaline phosphatase profile,Liver Function
patient laboratory results for globulin total protein alkaline phosphatase albumin,Liver Function
fasting glucose PPBS hemoglobin A1c HbA1c glucose level blood glucose report,Diabetes HbA1c
results for PPBS fasting blood sugar HbA1c,Diabetes HbA1c
patient laboratory results for TSH thyroid stimulating hormone free T3,Thyroid
results for sodium potassium BUN urea uric acid,Kidney Function
total cholesterol triglycerides VLDL profile,Lipid Profile
MCH WBC platelet count MCV laboratory report,CBC
hemoglobin A1c fasting glucose FBS fasting blood sugar parameters were tested,Diabetes HbA1c
medical report showing RBC MCH MCHC platelet count,CBC
patient report containing FBS blood glucose hemoglobin A1c glucose level fasting glucose HbA1c,Diabetes HbA1c
VLDL triglycerides LDL cholesterol total cholesterol profile,Lipid Profile
TIBC serum iron UIBC test,Iron Profile
vitamin B12 level cobalamin level B12 examination,Vitamin B12
blood test including triglycerides LDL cholesterol VLDL total cholesterol,Lipid Profile
triglycerides total cholesterol HDL cholesterol LDL cholesterol non HDL cholesterol profile,Lipid Profile
laboratory test with AST globulin ALT bilirubin alkaline phosphatase,Liver Function
cobalamin level vitamin B12 B12 serum B12 test,Vitamin B12
medical report showing non HDL cholesterol triglycerides LDL cholesterol,Lipid Profile
patient report containing albumin total protein alkaline phosphatase,Liver Function
transferrin UIBC ferritin serum iron TIBC iron saturation report,Iron Profile
medical report showing fasting blood sugar hemoglobin A1c glucose level,Diabetes HbA1c
patient report containing HbA1c hemoglobin A1c fasting glucose postprandial glucose fasting blood sugar glucose level,Diabetes HbA1c
results for serum iron transferrin TIBC,Iron Profile
sodium eGFR renal function creatinine uric acid report,Kidney Function
blood glucose fasting blood sugar PPBS glucose level report,Diabetes HbA1c
total vitamin D 25-OH vitamin D vitamin D vitamin D3 examination,Vitamin D
medical report showing bilirubin ALT alkaline phosphatase SGPT,Liver Function
patient report containing urine protein urine appearance urine WBC urine pH urine glucose,Urine Routine
MCV MCH platelet count RBC laboratory report,CBC
medical report showing urine protein urine appearance urine bilirubin urine color specific gravity urine RBC,Urine Routine
results for lymphocytes MCV platelet count neutrophils,CBC
patient report containing blood glucose hemoglobin A1c postprandial glucose HbA1c,Diabetes HbA1c
fasting blood sugar FBS fasting glucose laboratory report,Diabetes HbA1c
alkaline phosphatase albumin SGOT parameters were tested,Liver Function
laboratory test with non HDL cholesterol triglycerides VLDL total cholesterol,Lipid Profile
medical report showing lymphocytes MCH hematocrit hemoglobin MCV RBC,CBC
eGFR sodium BUN renal function potassium creatinine laboratory report,Kidney Function
total cholesterol HDL cholesterol VLDL LDL cholesterol triglycerides test,Lipid Profile
laboratory test with creatinine potassium eGFR,Kidney Function
PPBS fasting blood sugar glucose level FBS hemoglobin A1c postprandial glucose examination,Diabetes HbA1c
thyroid stimulating hormone T4 free T3 laboratory report,Thyroid
triglycerides LDL cholesterol HDL cholesterol non HDL cholesterol total cholesterol VLDL parameters were tested,Lipid Profile
blood test including cobalamin vitamin B12 serum B12 vitamin B12 level cobalamin level,Vitamin B12
urea renal function sodium uric acid report,Kidney Function
medical report showing cobalamin B12 serum B12 vitamin B12 vitamin B12 level,Vitamin B12
results for HDL cholesterol non HDL cholesterol VLDL,Lipid Profile
vitamin B12 cobalamin serum B12 B12 cobalamin level vitamin B12 level laboratory report,Vitamin B12
PPBS FBS fasting blood sugar fasting glucose blood glucose hemoglobin A1c profile,Diabetes HbA1c
patient report containing total vitamin D vitamin D 25-OH D vitamin D3 25-OH vitamin D 25 hydroxy vitamin D,Vitamin D
vitamin B12 level B12 serum B12 vitamin B12 cobalamin parameters were tested,Vitamin B12
ferritin iron saturation serum iron transferrin saturation examination,Iron Profile
blood test including SGOT bilirubin alkaline phosphatase total protein albumin AST,Liver Function
urine protein urine pH urine glucose urine ketones profile,Urine Routine
patient laboratory results for free T3 T3 free T4 TSH T4 thyroid stimulating hormone,Thyroid
urine color specific gravity urine protein urine RBC urine pH profile,Urine Routine
non HDL cholesterol HDL cholesterol LDL cholesterol VLDL report,Lipid Profile
T4 free T3 T3 free T4 TSH thyroid stimulating hormone report,Thyroid
triglycerides non HDL cholesterol total cholesterol test,Lipid Profile
patient laboratory results for MCV MCHC hemoglobin hematocrit neutrophils WBC,CBC
transferrin serum iron iron saturation profile,Iron Profile
patient laboratory results for creatinine potassium uric acid,Kidney Function
ALT globulin albumin total protein bilirubin SGOT report,Liver Function
results for creatinine uric acid BUN potassium eGFR,Kidney Function
patient laboratory results for ferritin UIBC serum iron TIBC,Iron Profile
urine ketones urine pH urine RBC urine WBC specific gravity urine color laboratory report,Urine Routine
patient laboratory results for B12 vitamin B12 level serum B12 cobalamin cobalamin level,Vitamin B12
blood glucose FBS HbA1c examination,Diabetes HbA1c
alkaline phosphatase total protein bilirubin laboratory report,Liver Function
iron saturation ferritin UIBC transferrin saturation transferrin TIBC profile,Iron Profile
glucose level postprandial glucose FBS PPBS laboratory report,Diabetes HbA1c
fasting glucose hemoglobin A1c postprandial glucose test,Diabetes HbA1c
results for transferrin saturation TIBC transferrin UIBC iron saturation,Iron Profile
blood test including urine appearance urine color urine WBC,Urine Routine
serum iron ferritin TIBC profile,Iron Profile
results for fasting blood sugar postprandial glucose glucose level,Diabetes HbA1c
HDL cholesterol triglycerides LDL cholesterol non HDL cholesterol VLDL total cholesterol parameters were tested,Lipid Profile
MCHC MCH platelet count hemoglobin test,CBC
medical report showing BUN sodium creatinine renal function,Kidney Function
ALT total protein SGOT profile,Liver Function
patient laboratory results for UIBC serum iron transferrin saturation,Iron Profile
ferritin iron saturation UIBC transferrin saturation TIBC report,Iron Profile
urine WBC urine protein urine appearance urine RBC urine bilirubin urine pH parameters were tested,Urine Routine
blood test including 25-OH D 25 hydroxy vitamin D total vitamin D vitamin D 25-OH vitamin D,Vitamin D
MCH hemoglobin platelet count lymphocytes MCHC MCV examination,CBC
25-OH vitamin D vitamin D total vitamin D 25-OH D 25 hydroxy vitamin D vitamin D3 test,Vitamin D
patient laboratory results for thyroid stimulating hormone TSH free T3 T4,Thyroid
AST SGPT globulin bilirubin parameters were tested,Liver Function
patient laboratory results for total vitamin D 25-OH D vitamin D3 25-OH vitamin D vitamin D,Vitamin D
BUN creatinine renal function profile,Kidney Function
results for VLDL non HDL cholesterol triglycerides,Lipid Profile
MCV MCH hematocrit test,CBC
patient report containing triglycerides VLDL non HDL cholesterol HDL cholesterol,Lipid Profile
eGFR creatinine renal function report,Kidney Function
medical report showing LDL cholesterol non HDL cholesterol total cholesterol triglycerides,Lipid Profile
total vitamin D vitamin D3 25-OH D 25 hydroxy vitamin D 25-OH vitamin D laboratory report,Vitamin D
RBC lymphocytes WBC hematocrit profile,CBC
free T3 thyroid stimulating hormone T4 T3 laboratory report,Thyroid
WBC hematocrit MCH lymphocytes platelet count report,CBC
patient report containing BUN potassium creatinine,Kidney Function
patient laboratory results for urine bilirubin urine protein urine pH urine ketones specific gravity,Urine Routine
patient laboratory results for serum iron iron saturation transferrin saturation UIBC TIBC ferritin,Iron Profile
FBS hemoglobin A1c glucose level fasting blood sugar profile,Diabetes HbA1c
patient laboratory results for transferrin saturation transferrin ferritin iron saturation serum iron TIBC,Iron Profile
T4 free T4 free T3 TSH T3 thyroid stimulating hormone laboratory report,Thyroid
25-OH vitamin D total vitamin D vitamin D3 25 hydroxy vitamin D vitamin D 25-OH D examination,Vitamin D
patient report containing UIBC TIBC iron saturation transferrin saturation,Iron Profile
results for urine RBC urine bilirubin urine pH urine color,Urine Routine
bilirubin ALT total protein albumin profile,Liver Function
urine appearance urine pH urine color urine RBC specific gravity urine WBC parameters were tested,Urine Routine
sodium potassium eGFR test,Kidney Function
laboratory test with T3 T4 TSH,Thyroid
results for hemoglobin MCH hematocrit WBC lymphocytes,CBC
specific gravity urine color urine WBC laboratory report,Urine Routine
results for free T4 T4 thyroid stimulating hormone T3 TSH free T3,Thyroid
results for urea sodium BUN,Kidney Function
transferrin saturation iron saturation TIBC serum iron transferrin ferritin profile,Iron Profile
blood test including vitamin B12 cobalamin level B12 vitamin B12 level cobalamin serum B12,Vitamin B12
laboratory test with SGPT globulin albumin,Liver Function
FBS glucose level hemoglobin A1c test,Diabetes HbA1c
laboratory test with alkaline phosphatase SGOT SGPT AST globulin bilirubin,Liver Function
serum iron transferrin TIBC transferrin saturation UIBC ferritin examination,Iron Profile
patient laboratory results for free T4 T4 thyroid stimulating hormone T3,Thyroid
medical report showing BUN sodium eGFR creatinine,Kidney Function
HDL cholesterol non HDL cholesterol total cholesterol VLDL test,Lipid Profile
patient report containing neutrophils RBC WBC MCH MCV,CBC
vitamin D total vitamin D vitamin D3 25-OH vitamin D 25-OH D profile,Vitamin D
ALT alkaline phosphatase bilirubin report,Liver Function
PPBS postprandial glucose blood glucose HbA1c fasting glucose FBS parameters were tested,Diabetes HbA1c
patient report containing total cholesterol HDL cholesterol non HDL cholesterol VLDL,Lipid Profile
free T3 thyroid stimulating hormone TSH T4 T3 examination,Thyroid
results for total vitamin D 25 hydroxy vitamin D vitamin D3 25-OH vitamin D vitamin D 25-OH D,Vitamin D
total cholesterol LDL cholesterol triglycerides VLDL examination,Lipid Profile
free T4 thyroid stimulating hormone TSH T3 free T3 parameters were tested,Thyroid
TIBC transferrin serum iron laboratory report,Iron Profile
serum iron iron saturation TIBC report,Iron Profile
triglycerides HDL cholesterol LDL cholesterol VLDL non HDL cholesterol total cholesterol test,Lipid Profile
BUN eGFR sodium report,Kidney Function
patient laboratory results for 25 hydroxy vitamin D 25-OH D 25-OH vitamin D total vitamin D vitamin D vitamin D3,Vitamin D
vitamin B12 B12 cobalamin cobalamin level test,Vitamin B12
blood test including RBC platelet count lymphocytes,CBC
results for cobalamin level B12 cobalamin vitamin B12 level serum B12 vitamin B12,Vitamin B12
blood test including free T4 thyroid stimulating hormone T3 free T3,Thyroid
patient laboratory results for hemoglobin A1c PPBS HbA1c FBS fasting glucose,Diabetes HbA1c
vitamin D vitamin D3 25 hydroxy vitamin D 25-OH D profile,Vitamin D
medical report showing hematocrit neutrophils MCHC MCV,CBC
patient laboratory results for ferritin transferrin serum iron iron saturation,Iron Profile
HDL cholesterol non HDL cholesterol total cholesterol LDL cholesterol triglycerides VLDL report,Lipid Profile
25 hydroxy vitamin D 25-OH D vitamin D3 laboratory report,Vitamin D
blood test including alkaline phosphatase ALT albumin bilirubin,Liver Function
medical report showing hematocrit neutrophils lymphocytes hemoglobin WBC RBC,CBC
B12 vitamin B12 level cobalamin parameters were tested,Vitamin B12
patient laboratory results for FBS PPBS HbA1c blood glucose,Diabetes HbA1c
patient report containing cobalamin level B12 vitamin B12 serum B12 cobalamin,Vitamin B12
hemoglobin A1c fasting glucose FBS HbA1c postprandial glucose profile,Diabetes HbA1c
FBS PPBS glucose level fasting blood sugar fasting glucose parameters were tested,Diabetes HbA1c
blood test including 25-OH vitamin D 25-OH D total vitamin D,Vitamin D
free T4 thyroid stimulating hormone T4 TSH T3 free T3 examination,Thyroid
patient laboratory results for iron saturation transferrin saturation transferrin,Iron Profile
blood test including blood glucose glucose level fasting glucose,Diabetes HbA1c
